Sprint 2 ratio edge-case log
================================================================================
ABB|2012-12|ROCE|computed=33.2303|source=46.0000|category=version difference|difference > 5 percentage points
ABB|2012-12|ROE|computed=22.4111|source=34.9000|category=version difference|difference > 5 percentage points
ABB|2014-03|ROCE|computed=37.4365|source=46.0000|category=version difference|difference > 5 percentage points
ABB|2014-03|ROE|computed=25.1269|source=34.9000|category=version difference|difference > 5 percentage points
ABB|2015-03|ROCE|computed=36.7129|source=46.0000|category=version difference|difference > 5 percentage points
ABB|2015-03|ROE|computed=24.4397|source=34.9000|category=version difference|difference > 5 percentage points
ABB|2016-03|ROCE|computed=33.5565|source=46.0000|category=version difference|difference > 5 percentage points
ABB|2016-03|ROE|computed=21.3389|source=34.9000|category=version difference|difference > 5 percentage points
ABB|2017-03|ROCE|computed=31.5789|source=46.0000|category=version difference|difference > 5 percentage points
ABB|2017-03|ROE|computed=19.9712|source=34.9000|category=version difference|difference > 5 percentage points
ABB|2018-03|ROCE|computed=36.9167|source=46.0000|category=version difference|difference > 5 percentage points
ABB|2018-03|ROE|computed=23.6858|source=34.9000|category=version difference|difference > 5 percentage points
ABB|2019-03|ROCE|computed=34.9104|source=46.0000|category=version difference|difference > 5 percentage points
ABB|2019-03|ROE|computed=22.4104|source=34.9000|category=version difference|difference > 5 percentage points
ABB|2020-03|ROCE|computed=31.1589|source=46.0000|category=version difference|difference > 5 percentage points
ABB|2020-03|ROE|computed=24.3933|source=34.9000|category=version difference|difference > 5 percentage points
ABB|2021-03|ROCE|computed=34.2650|source=46.0000|category=version difference|difference > 5 percentage points
ABB|2021-03|ROE|computed=26.5565|source=34.9000|category=version difference|difference > 5 percentage points
ABB|2022-03|ROCE|computed=36.9785|source=46.0000|category=version difference|difference > 5 percentage points
ABB|2022-03|ROE|computed=28.3333|source=34.9000|category=version difference|difference > 5 percentage points
ABB|2023-03|ROCE|computed=39.0791|source=46.0000|category=version difference|difference > 5 percentage points
ABB|2023-03|ROE|computed=29.7679|source=34.9000|category=version difference|difference > 5 percentage points
ADANIENSOL|2014-03|ROCE|computed=0.0000|source=9.0000|category=version difference|difference > 5 percentage points
ADANIENSOL|2014-03|ROE|computed=0.0000|source=8.5900|category=version difference|difference > 5 percentage points
ADANIENSOL|2015-03|ROCE|computed=0.6306|source=9.0000|category=version difference|difference > 5 percentage points
ADANIENSOL|2015-03|ROE|computed=-0.6464|source=8.5900|category=version difference|difference > 5 percentage points
ADANIENSOL|2016-03|ROE|computed=13.7725|source=8.5900|category=version difference|difference > 5 percentage points
ADANIENSOL|2017-03|ROE|computed=14.1161|source=8.5900|category=version difference|difference > 5 percentage points
ADANIENSOL|2018-03|ROCE|computed=14.3039|source=9.0000|category=version difference|difference > 5 percentage points
ADANIENSOL|2018-03|ROE|computed=18.8707|source=8.5900|category=version difference|difference > 5 percentage points
ADANIENSOL|2021-03|ROE|computed=14.4635|source=8.5900|category=version difference|difference > 5 percentage points
ADANIENSOL|2024-03|OPM cross-check|formula=34.3891|source=30.0000|category=data source issue|difference > 1%
ADANIENT|2013-03|ROCE|computed=6.0588|source=11.6000|category=version difference|difference > 5 percentage points
ADANIENT|2013-03|ROE|computed=5.6927|source=13.6400|category=version difference|difference > 5 percentage points
ADANIENT|2016-03|ROE|computed=7.4750|source=13.6400|category=version difference|difference > 5 percentage points
ADANIENT|2017-03|ROE|computed=6.5436|source=13.6400|category=version difference|difference > 5 percentage points
ADANIENT|2018-03|ROCE|computed=5.3077|source=11.6000|category=version difference|difference > 5 percentage points
ADANIENT|2018-03|ROE|computed=3.9366|source=13.6400|category=version difference|difference > 5 percentage points
ADANIENT|2019-03|ROE|computed=3.4291|source=13.6400|category=version difference|difference > 5 percentage points
ADANIENT|2020-03|ROE|computed=6.1368|source=13.6400|category=version difference|difference > 5 percentage points
ADANIENT|2021-03|ROE|computed=6.0959|source=13.6400|category=version difference|difference > 5 percentage points
ADANIENT|2022-03|ROCE|computed=5.4462|source=11.6000|category=version difference|difference > 5 percentage points
ADANIENT|2022-03|ROE|computed=3.5405|source=13.6400|category=version difference|difference > 5 percentage points
ADANIENT|2023-03|ROE|computed=7.3281|source=13.6400|category=version difference|difference > 5 percentage points
ADANIENT|2024-03|ROE|computed=8.5347|source=13.6400|category=version difference|difference > 5 percentage points
ADANIGREEN|2017-03|ROCE|computed=2.7027|source=96.5000|category=version difference|difference > 5 percentage points
ADANIGREEN|2017-03|ROE|computed=-3.9069|source=14.7000|category=version difference|difference > 5 percentage points
ADANIGREEN|2018-03|ROCE|computed=3.0522|source=96.5000|category=version difference|difference > 5 percentage points
ADANIGREEN|2018-03|ROE|computed=-10.2908|source=14.7000|category=version difference|difference > 5 percentage points
ADANIGREEN|2019-03|ROCE|computed=4.0994|source=96.5000|category=version difference|difference > 5 percentage points
ADANIGREEN|2019-03|ROE|computed=-24.5732|source=14.7000|category=version difference|difference > 5 percentage points
ADANIGREEN|2020-03|ROCE|computed=5.4868|source=96.5000|category=version difference|difference > 5 percentage points
ADANIGREEN|2020-03|ROE|computed=-2.8850|source=14.7000|category=version difference|difference > 5 percentage points
ADANIGREEN|2021-03|ROCE|computed=8.1260|source=96.5000|category=version difference|difference > 5 percentage points
ADANIGREEN|2021-03|ROE|computed=8.2727|source=14.7000|category=version difference|difference > 5 percentage points
ADANIGREEN|2022-03|ROCE|computed=5.7173|source=96.5000|category=version difference|difference > 5 percentage points
ADANIGREEN|2023-03|ROCE|computed=7.0489|source=96.5000|category=version difference|difference > 5 percentage points
ADANIGREEN|2024-03|ROCE|computed=8.9394|source=96.5000|category=version difference|difference > 5 percentage points
ADANIPORTS|2013-03|ROE|computed=25.6334|source=18.1000|category=version difference|difference > 5 percentage points
ADANIPORTS|2022-03|ROE|computed=11.8433|source=18.1000|category=version difference|difference > 5 percentage points
ADANIPORTS|2023-03|ROE|computed=11.8773|source=18.1000|category=version difference|difference > 5 percentage points
ADANIPOWER|2013-03|ROCE|computed=-0.2495|source=32.2000|category=version difference|difference > 5 percentage points
ADANIPOWER|2013-03|ROE|computed=-53.4591|source=57.1000|category=version difference|difference > 5 percentage points
ADANIPOWER|2014-03|ROCE|computed=5.5077|source=32.2000|category=version difference|difference > 5 percentage points
ADANIPOWER|2014-03|ROE|computed=-4.4475|source=57.1000|category=version difference|difference > 5 percentage points
ADANIPOWER|2015-03|ROCE|computed=8.0211|source=32.2000|category=version difference|difference > 5 percentage points
ADANIPOWER|2015-03|ROE|computed=-14.2533|source=57.1000|category=version difference|difference > 5 percentage points
ADANIPOWER|2016-03|ROCE|computed=9.8593|source=32.2000|category=version difference|difference > 5 percentage points
ADANIPOWER|2016-03|ROE|computed=7.3781|source=57.1000|category=version difference|difference > 5 percentage points
ADANIPOWER|2017-03|ROCE|computed=-0.6452|source=32.2000|category=version difference|difference > 5 percentage points
ADANIPOWER|2017-03|ROE|computed=-205.8000|source=57.1000|category=version difference|difference > 5 percentage points
ADANIPOWER|2018-03|ROCE|computed=6.4980|source=32.2000|category=version difference|difference > 5 percentage points
ADANIPOWER|2018-03|ROE|computed=-236.5579|source=57.1000|category=version difference|difference > 5 percentage points
ADANIPOWER|2019-03|ROCE|computed=8.5588|source=32.2000|category=version difference|difference > 5 percentage points
ADANIPOWER|2019-03|ROE|computed=-12.7593|source=57.1000|category=version difference|difference > 5 percentage points
ADANIPOWER|2020-03|ROCE|computed=4.9449|source=32.2000|category=version difference|difference > 5 percentage points
ADANIPOWER|2020-03|ROE|computed=-35.1026|source=57.1000|category=version difference|difference > 5 percentage points
ADANIPOWER|2021-03|ROCE|computed=11.2674|source=32.2000|category=version difference|difference > 5 percentage points
ADANIPOWER|2021-03|ROE|computed=9.6850|source=57.1000|category=version difference|difference > 5 percentage points
ADANIPOWER|2022-03|ROCE|computed=15.7865|source=32.2000|category=version difference|difference > 5 percentage points
ADANIPOWER|2022-03|ROE|computed=26.6132|source=57.1000|category=version difference|difference > 5 percentage points
ADANIPOWER|2023-03|ROCE|computed=15.2424|source=32.2000|category=version difference|difference > 5 percentage points
ADANIPOWER|2023-03|ROE|computed=35.9051|source=57.1000|category=version difference|difference > 5 percentage points
ADANIPOWER|2024-03|ROE|computed=48.2767|source=57.1000|category=version difference|difference > 5 percentage points
AMBUJACEM|2012-12|ROCE|computed=22.2875|source=12.8000|category=version difference|difference > 5 percentage points
AMBUJACEM|2012-12|ROE|computed=14.6868|source=9.2400|category=version difference|difference > 5 percentage points
AMBUJACEM|2014-12|ROCE|computed=18.2106|source=12.8000|category=version difference|difference > 5 percentage points
AMBUJACEM|2014-12|ROE|computed=14.7666|source=9.2400|category=version difference|difference > 5 percentage points
AMBUJACEM|2021-12|ROCE|computed=20.5567|source=12.8000|category=version difference|difference > 5 percentage points
AMBUJACEM|2021-12|ROE|computed=14.6367|source=9.2400|category=version difference|difference > 5 percentage points
APOLLOHOSP|2014-03|ROCE|computed=12.1731|source=17.2000|category=version difference|difference > 5 percentage points
APOLLOHOSP|2015-03|ROCE|computed=11.0960|source=17.2000|category=version difference|difference > 5 percentage points
APOLLOHOSP|2016-03|ROCE|computed=8.3036|source=17.2000|category=version difference|difference > 5 percentage points
APOLLOHOSP|2016-03|ROE|computed=7.0528|source=13.8100|category=version difference|difference > 5 percentage points
APOLLOHOSP|2017-03|ROCE|computed=7.4390|source=17.2000|category=version difference|difference > 5 percentage points
APOLLOHOSP|2017-03|ROE|computed=3.9529|source=13.8100|category=version difference|difference > 5 percentage points
APOLLOHOSP|2018-03|ROCE|computed=6.9771|source=17.2000|category=version difference|difference > 5 percentage points
APOLLOHOSP|2018-03|ROE|computed=1.8450|source=13.8100|category=version difference|difference > 5 percentage points
APOLLOHOSP|2019-03|ROCE|computed=9.9900|source=17.2000|category=version difference|difference > 5 percentage points
APOLLOHOSP|2019-03|ROE|computed=5.9988|source=13.8100|category=version difference|difference > 5 percentage points
APOLLOHOSP|2021-03|ROCE|computed=7.6458|source=17.2000|category=version difference|difference > 5 percentage points
APOLLOHOSP|2021-03|ROE|computed=2.9763|source=13.8100|category=version difference|difference > 5 percentage points
APOLLOHOSP|2022-03|ROE|computed=19.7048|source=13.8100|category=version difference|difference > 5 percentage points
ASIANPAINT|2017-03|ROCE|computed=36.7099|source=41.7500|category=version difference|difference > 5 percentage points
ASIANPAINT|2018-03|ROCE|computed=35.5474|source=41.7500|category=version difference|difference > 5 percentage points
ASIANPAINT|2018-03|ROE|computed=24.9465|source=31.4500|category=version difference|difference > 5 percentage points
ASIANPAINT|2019-03|ROCE|computed=31.6560|source=41.7500|category=version difference|difference > 5 percentage points
ASIANPAINT|2019-03|ROE|computed=23.3133|source=31.4500|category=version difference|difference > 5 percentage points
ASIANPAINT|2020-03|ROCE|computed=33.1703|source=41.7500|category=version difference|difference > 5 percentage points
ASIANPAINT|2021-03|ROCE|computed=31.6282|source=41.7500|category=version difference|difference > 5 percentage points
ASIANPAINT|2021-03|ROE|computed=25.0429|source=31.4500|category=version difference|difference > 5 percentage points
ASIANPAINT|2022-03|ROCE|computed=27.8135|source=41.7500|category=version difference|difference > 5 percentage points
ASIANPAINT|2022-03|ROE|computed=22.3357|source=31.4500|category=version difference|difference > 5 percentage points
ASIANPAINT|2023-03|ROCE|computed=32.5411|source=41.7500|category=version difference|difference > 5 percentage points
ASIANPAINT|2023-03|ROE|computed=26.2319|source=31.4500|category=version difference|difference > 5 percentage points
ASIANPAINT|2024-03|ROCE|computed=35.6240|source=41.7500|category=version difference|difference > 5 percentage points
ATGL|2019-03|ROCE|computed=29.8797|source=21.2000|category=version difference|difference > 5 percentage points
ATGL|2020-03|ROCE|computed=30.9637|source=21.2000|category=version difference|difference > 5 percentage points
ATGL|2020-03|ROE|computed=29.6397|source=20.5000|category=version difference|difference > 5 percentage points
ATGL|2021-03|ROCE|computed=27.2432|source=21.2000|category=version difference|difference > 5 percentage points
AXISBANK|2013-03|OPM cross-check|formula=30.5816|source=1353.0000|category=data source issue|difference > 1%
AXISBANK|2014-03|OPM cross-check|formula=31.4742|source=2307.0000|category=data source issue|difference > 1%
AXISBANK|2015-03|OPM cross-check|formula=31.3622|source=3097.0000|category=data source issue|difference > 1%
AXISBANK|2016-03|OPM cross-check|formula=32.6120|source=3466.0000|category=data source issue|difference > 1%
AXISBANK|2017-03|OPM cross-check|formula=53.4507|source=-5715.0000|category=data source issue|difference > 1%
AXISBANK|2017-03|ROE|computed=6.5254|source=18.4000|category=version difference|difference > 5 percentage points
AXISBANK|2018-03|OPM cross-check|formula=63.1171|source=-10277.0000|category=data source issue|difference > 1%
AXISBANK|2018-03|ROCE|computed=1.6413|source=7.0600|category=version difference|difference > 5 percentage points
AXISBANK|2018-03|ROE|computed=0.4299|source=18.4000|category=version difference|difference > 5 percentage points
AXISBANK|2019-03|OPM cross-check|formula=49.3853|source=-5447.0000|category=data source issue|difference > 1%
AXISBANK|2019-03|ROE|computed=6.8980|source=18.4000|category=version difference|difference > 5 percentage points
AXISBANK|2020-03|OPM cross-check|formula=55.9847|source=-9859.0000|category=data source issue|difference > 1%
AXISBANK|2020-03|ROE|computed=1.8844|source=18.4000|category=version difference|difference > 5 percentage points
AXISBANK|2021-03|OPM cross-check|formula=50.1200|source=-2510.0000|category=data source issue|difference > 1%
AXISBANK|2021-03|ROE|computed=6.3594|source=18.4000|category=version difference|difference > 5 percentage points
AXISBANK|2022-03|OPM cross-check|formula=44.4692|source=3170.0000|category=data source issue|difference > 1%
AXISBANK|2022-03|ROE|computed=11.0138|source=18.4000|category=version difference|difference > 5 percentage points
AXISBANK|2023-03|OPM cross-check|formula=34.1565|source=13857.0000|category=data source issue|difference > 1%
AXISBANK|2023-03|ROE|computed=7.3817|source=18.4000|category=version difference|difference > 5 percentage points
AXISBANK|2024-03|OPM cross-check|formula=34.6926|source=11952.0000|category=data source issue|difference > 1%
AXISBANK|2025-03|OPM cross-check|formula=36.9355|source=9061.0000|category=data source issue|difference > 1%
BAJAJ-AUTO|2013-03|ROCE|computed=52.2919|source=33.5000|category=version difference|difference > 5 percentage points
BAJAJ-AUTO|2013-03|ROE|computed=38.8469|source=26.5000|category=version difference|difference > 5 percentage points
BAJAJ-AUTO|2014-03|ROCE|computed=45.5310|source=33.5000|category=version difference|difference > 5 percentage points
BAJAJ-AUTO|2014-03|ROE|computed=33.2448|source=26.5000|category=version difference|difference > 5 percentage points
BAJAJ-AUTO|2016-03|ROCE|computed=40.1754|source=33.5000|category=version difference|difference > 5 percentage points
BAJAJ-AUTO|2018-03|ROE|computed=20.6561|source=26.5000|category=version difference|difference > 5 percentage points
BAJAJ-AUTO|2019-03|ROE|computed=21.2112|source=26.5000|category=version difference|difference > 5 percentage points
BAJAJ-AUTO|2021-03|ROCE|computed=22.8079|source=33.5000|category=version difference|difference > 5 percentage points
BAJAJ-AUTO|2021-03|ROE|computed=17.8088|source=26.5000|category=version difference|difference > 5 percentage points
BAJAJ-AUTO|2022-03|ROCE|computed=25.5520|source=33.5000|category=version difference|difference > 5 percentage points
BAJAJ-AUTO|2022-03|ROE|computed=20.6504|source=26.5000|category=version difference|difference > 5 percentage points
BAJAJ-AUTO|2023-03|ROCE|computed=26.7313|source=33.5000|category=version difference|difference > 5 percentage points
BAJAJ-AUTO|2023-03|ROE|computed=20.6389|source=26.5000|category=version difference|difference > 5 percentage points
BAJAJFINSV|2013-03|ROE|computed=28.3773|source=11.7200|category=version difference|difference > 5 percentage points
BAJAJFINSV|2014-03|ROCE|computed=15.4898|source=21.1400|category=version difference|difference > 5 percentage points
BAJAJFINSV|2014-03|ROE|computed=23.5288|source=11.7200|category=version difference|difference > 5 percentage points
BAJAJFINSV|2015-03|ROCE|computed=14.6547|source=21.1400|category=version difference|difference > 5 percentage points
BAJAJFINSV|2015-03|ROE|computed=21.7242|source=11.7200|category=version difference|difference > 5 percentage points
BAJAJFINSV|2016-03|ROCE|computed=13.4532|source=21.1400|category=version difference|difference > 5 percentage points
BAJAJFINSV|2016-03|ROE|computed=20.4059|source=11.7200|category=version difference|difference > 5 percentage points
BAJAJFINSV|2017-03|ROCE|computed=13.4108|source=21.1400|category=version difference|difference > 5 percentage points
BAJAJFINSV|2017-03|ROE|computed=21.3609|source=11.7200|category=version difference|difference > 5 percentage points
BAJAJFINSV|2018-03|ROCE|computed=12.3349|source=21.1400|category=version difference|difference > 5 percentage points
BAJAJFINSV|2018-03|ROE|computed=20.3876|source=11.7200|category=version difference|difference > 5 percentage points
BAJAJFINSV|2019-03|ROCE|computed=11.9941|source=21.1400|category=version difference|difference > 5 percentage points
BAJAJFINSV|2019-03|ROE|computed=22.6369|source=11.7200|category=version difference|difference > 5 percentage points
BAJAJFINSV|2020-03|ROCE|computed=11.2306|source=21.1400|category=version difference|difference > 5 percentage points
BAJAJFINSV|2020-03|ROE|computed=19.1489|source=11.7200|category=version difference|difference > 5 percentage points
BAJAJFINSV|2021-03|ROCE|computed=11.6476|source=21.1400|category=version difference|difference > 5 percentage points
BAJAJFINSV|2021-03|ROE|computed=20.5610|source=11.7200|category=version difference|difference > 5 percentage points
BAJAJFINSV|2022-03|ROCE|computed=10.3760|source=21.1400|category=version difference|difference > 5 percentage points
BAJAJFINSV|2022-03|ROE|computed=20.6574|source=11.7200|category=version difference|difference > 5 percentage points
BAJAJFINSV|2023-03|ROCE|computed=11.2849|source=21.1400|category=version difference|difference > 5 percentage points
BAJAJFINSV|2023-03|ROE|computed=26.3107|source=11.7200|category=version difference|difference > 5 percentage points
BAJAJFINSV|2024-03|ROCE|computed=11.4476|source=21.1400|category=version difference|difference > 5 percentage points
BAJAJFINSV|2024-03|ROE|computed=25.8504|source=11.7200|category=version difference|difference > 5 percentage points
BAJAJHLDNG|2013-03|ROCE|computed=3.1126|source=13.1000|category=version difference|difference > 5 percentage points
BAJAJHLDNG|2014-03|ROCE|computed=3.3336|source=13.1000|category=version difference|difference > 5 percentage points
BAJAJHLDNG|2015-03|ROCE|computed=3.8304|source=13.1000|category=version difference|difference > 5 percentage points
BAJAJHLDNG|2016-03|ROCE|computed=2.8117|source=13.1000|category=version difference|difference > 5 percentage points
BAJAJHLDNG|2017-03|ROCE|computed=3.5358|source=13.1000|category=version difference|difference > 5 percentage points
BAJAJHLDNG|2022-03|ROE|computed=9.6307|source=14.8000|category=version difference|difference > 5 percentage points
BAJFINANCE|2015-03|OPM cross-check|formula=32.4926|source=1367.0000|category=data source issue|difference > 1%
BAJFINANCE|2015-03|ROCE|computed=4.3968|source=11.9000|category=version difference|difference > 5 percentage points
BAJFINANCE|2016-03|OPM cross-check|formula=32.2510|source=1986.0000|category=data source issue|difference > 1%
BAJFINANCE|2016-03|ROCE|computed=4.4992|source=11.9000|category=version difference|difference > 5 percentage points
BAJFINANCE|2017-03|OPM cross-check|formula=32.5978|source=2867.0000|category=data source issue|difference > 1%
BAJFINANCE|2017-03|ROCE|computed=4.8241|source=11.9000|category=version difference|difference > 5 percentage points
BAJFINANCE|2018-03|OPM cross-check|formula=32.2846|source=3935.0000|category=data source issue|difference > 1%
BAJFINANCE|2018-03|ROCE|computed=4.6757|source=11.9000|category=version difference|difference > 5 percentage points
BAJFINANCE|2018-03|ROE|computed=15.7496|source=22.1000|category=version difference|difference > 5 percentage points
BAJFINANCE|2019-03|OPM cross-check|formula=29.5018|source=6310.0000|category=data source issue|difference > 1%
BAJFINANCE|2019-03|ROCE|computed=5.1053|source=11.9000|category=version difference|difference > 5 percentage points
BAJFINANCE|2020-03|OPM cross-check|formula=34.7274|source=7608.0000|category=data source issue|difference > 1%
BAJFINANCE|2020-03|ROCE|computed=4.5216|source=11.9000|category=version difference|difference > 5 percentage points
BAJFINANCE|2020-03|ROE|computed=16.2831|source=22.1000|category=version difference|difference > 5 percentage points
BAJFINANCE|2021-03|OPM cross-check|formula=40.6366|source=6314.0000|category=data source issue|difference > 1%
BAJFINANCE|2021-03|ROCE|computed=3.5568|source=11.9000|category=version difference|difference > 5 percentage points
BAJFINANCE|2021-03|ROE|computed=11.9725|source=22.1000|category=version difference|difference > 5 percentage points
BAJFINANCE|2022-03|OPM cross-check|formula=37.5462|source=9906.0000|category=data source issue|difference > 1%
BAJFINANCE|2022-03|ROCE|computed=4.5404|source=11.9000|category=version difference|difference > 5 percentage points
BAJFINANCE|2022-03|ROE|computed=16.0776|source=22.1000|category=version difference|difference > 5 percentage points
BAJFINANCE|2023-03|OPM cross-check|formula=30.6513|source=16018.0000|category=data source issue|difference > 1%
BAJFINANCE|2023-03|ROCE|computed=5.7267|source=11.9000|category=version difference|difference > 5 percentage points
BAJFINANCE|2024-03|OPM cross-check|formula=29.2858|source=19987.0000|category=data source issue|difference > 1%
BAJFINANCE|2024-03|ROCE|computed=5.2199|source=11.9000|category=version difference|difference > 5 percentage points
BAJFINANCE|2025-03|OPM cross-check|formula=30.4164|source=21417.0000|category=data source issue|difference > 1%
BANKBARODA|2013-03|OPM cross-check|formula=30.0477|source=1006.0000|category=data source issue|difference > 1%
BANKBARODA|2014-03|OPM cross-check|formula=29.7778|source=809.0000|category=data source issue|difference > 1%
BANKBARODA|2015-03|OPM cross-check|formula=29.9811|source=902.0000|category=data source issue|difference > 1%
BANKBARODA|2015-03|ROE|computed=9.4007|source=16.7000|category=version difference|difference > 5 percentage points
BANKBARODA|2016-03|OPM cross-check|formula=55.4401|source=-11700.0000|category=data source issue|difference > 1%
BANKBARODA|2016-03|ROCE|computed=-0.0363|source=6.3300|category=version difference|difference > 5 percentage points
BANKBARODA|2016-03|ROE|computed=-11.8415|source=16.7000|category=version difference|difference > 5 percentage points
BANKBARODA|2017-03|OPM cross-check|formula=43.2847|source=-4372.0000|category=data source issue|difference > 1%
BANKBARODA|2017-03|ROE|computed=4.3072|source=16.7000|category=version difference|difference > 5 percentage points
BANKBARODA|2018-03|OPM cross-check|formula=56.6549|source=-9197.0000|category=data source issue|difference > 1%
BANKBARODA|2018-03|ROCE|computed=0.8188|source=6.3300|category=version difference|difference > 5 percentage points
BANKBARODA|2018-03|ROE|computed=-3.9428|source=16.7000|category=version difference|difference > 5 percentage points
BANKBARODA|2019-03|OPM cross-check|formula=48.7941|source=-5414.0000|category=data source issue|difference > 1%
BANKBARODA|2019-03|ROCE|computed=1.1922|source=6.3300|category=version difference|difference > 5 percentage points
BANKBARODA|2019-03|ROE|computed=2.1202|source=16.7000|category=version difference|difference > 5 percentage points
BANKBARODA|2020-03|OPM cross-check|formula=51.4393|source=-11728.0000|category=data source issue|difference > 1%
BANKBARODA|2020-03|ROCE|computed=0.9569|source=6.3300|category=version difference|difference > 5 percentage points
BANKBARODA|2020-03|ROE|computed=1.2890|source=16.7000|category=version difference|difference > 5 percentage points
BANKBARODA|2021-03|OPM cross-check|formula=51.2286|source=-6957.0000|category=data source issue|difference > 1%
BANKBARODA|2021-03|ROE|computed=1.9663|source=16.7000|category=version difference|difference > 5 percentage points
BANKBARODA|2022-03|OPM cross-check|formula=51.1249|source=-2948.0000|category=data source issue|difference > 1%
BANKBARODA|2022-03|ROE|computed=8.6351|source=16.7000|category=version difference|difference > 5 percentage points
BANKBARODA|2023-03|OPM cross-check|formula=40.4548|source=6329.0000|category=data source issue|difference > 1%
BANKBARODA|2024-03|OPM cross-check|formula=37.4889|source=4102.0000|category=data source issue|difference > 1%
BANKBARODA|2025-03|OPM cross-check|formula=37.4235|source=3526.0000|category=data source issue|difference > 1%
BEL|2013-03|ROCE|computed=3846.6667|source=34.6000|category=version difference|difference > 5 percentage points
BEL|2013-03|ROE|computed=15183.3333|source=26.3000|category=version difference|difference > 5 percentage points
BEL|2014-03|ROCE|computed=4332.1429|source=34.6000|category=version difference|difference > 5 percentage points
BEL|2014-03|ROE|computed=13600.0000|source=26.3000|category=version difference|difference > 5 percentage points
BEL|2015-03|ROCE|computed=4606.0606|source=34.6000|category=version difference|difference > 5 percentage points
BEL|2015-03|ROE|computed=17100.0000|source=26.3000|category=version difference|difference > 5 percentage points
BEL|2016-03|ROCE|computed=4794.5946|source=34.6000|category=version difference|difference > 5 percentage points
BEL|2016-03|ROE|computed=11141.6667|source=26.3000|category=version difference|difference > 5 percentage points
BEL|2017-03|ROCE|computed=4547.7273|source=34.6000|category=version difference|difference > 5 percentage points
BEL|2017-03|ROE|computed=10153.3333|source=26.3000|category=version difference|difference > 5 percentage points
BEL|2018-03|ROCE|computed=2484.8101|source=34.6000|category=version difference|difference > 5 percentage points
BEL|2018-03|ROE|computed=4616.1290|source=26.3000|category=version difference|difference > 5 percentage points
BEL|2019-03|ROCE|computed=2754.1667|source=34.6000|category=version difference|difference > 5 percentage points
BEL|2019-03|ROE|computed=3851.0204|source=26.3000|category=version difference|difference > 5 percentage points
BEL|2020-03|ROCE|computed=2511.1111|source=34.6000|category=version difference|difference > 5 percentage points
BEL|2020-03|ROE|computed=3318.1818|source=26.3000|category=version difference|difference > 5 percentage points
BEL|2021-03|ROCE|computed=2733.3333|source=34.6000|category=version difference|difference > 5 percentage points
BEL|2021-03|ROE|computed=3559.3220|source=26.3000|category=version difference|difference > 5 percentage points
BEL|2022-03|ROCE|computed=2500.0000|source=34.6000|category=version difference|difference > 5 percentage points
BEL|2022-03|ROE|computed=3478.2609|source=26.3000|category=version difference|difference > 5 percentage points
BEL|2023-03|ROCE|computed=3457.8947|source=34.6000|category=version difference|difference > 5 percentage points
BEL|2023-03|ROE|computed=3981.3333|source=26.3000|category=version difference|difference > 5 percentage points
BEL|2024-03|ROCE|computed=4155.9055|source=34.6000|category=version difference|difference > 5 percentage points
BEL|2024-03|ROE|computed=4744.0476|source=26.3000|category=version difference|difference > 5 percentage points
BHARTIARTL|2013-03|ROCE|computed=7.9482|source=13.1000|category=version difference|difference > 5 percentage points
BHARTIARTL|2013-03|ROE|computed=4.5050|source=14.9000|category=version difference|difference > 5 percentage points
BHARTIARTL|2014-03|ROE|computed=5.0522|source=14.9000|category=version difference|difference > 5 percentage points
BHARTIARTL|2017-03|ROE|computed=6.2870|source=14.9000|category=version difference|difference > 5 percentage points
BHARTIARTL|2018-03|ROCE|computed=6.9625|source=13.1000|category=version difference|difference > 5 percentage points
BHARTIARTL|2018-03|ROE|computed=3.1409|source=14.9000|category=version difference|difference > 5 percentage points
BHARTIARTL|2019-03|ROCE|computed=4.5161|source=13.1000|category=version difference|difference > 5 percentage points
BHARTIARTL|2019-03|ROE|computed=2.3634|source=14.9000|category=version difference|difference > 5 percentage points
BHARTIARTL|2020-03|ROCE|computed=-12.8028|source=13.1000|category=version difference|difference > 5 percentage points
BHARTIARTL|2020-03|ROE|computed=-39.7485|source=14.9000|category=version difference|difference > 5 percentage points
BHARTIARTL|2021-03|ROCE|computed=5.2580|source=13.1000|category=version difference|difference > 5 percentage points
BHARTIARTL|2021-03|ROE|computed=-20.9726|source=14.9000|category=version difference|difference > 5 percentage points
BHEL|2013-03|ROCE|computed=29.0522|source=3.2800|category=version difference|difference > 5 percentage points
BHEL|2013-03|ROE|computed=21.9091|source=1.0500|category=version difference|difference > 5 percentage points
BHEL|2014-03|ROCE|computed=13.7624|source=3.2800|category=version difference|difference > 5 percentage points
BHEL|2014-03|ROE|computed=10.5574|source=1.0500|category=version difference|difference > 5 percentage points
BHEL|2016-03|ROCE|computed=-2.4626|source=3.2800|category=version difference|difference > 5 percentage points
BHEL|2020-03|ROE|computed=-5.1221|source=1.0500|category=version difference|difference > 5 percentage points
BHEL|2021-03|ROCE|computed=-10.1151|source=3.2800|category=version difference|difference > 5 percentage points
BHEL|2021-03|ROE|computed=-10.3914|source=1.0500|category=version difference|difference > 5 percentage points
BOSCHLTD|2015-03|ROCE|computed=26.4146|source=20.6000|category=version difference|difference > 5 percentage points
BOSCHLTD|2017-03|ROCE|computed=27.4804|source=20.6000|category=version difference|difference > 5 percentage points
BOSCHLTD|2019-03|ROCE|computed=25.7697|source=20.6000|category=version difference|difference > 5 percentage points
BOSCHLTD|2020-03|ROCE|computed=10.6485|source=20.6000|category=version difference|difference > 5 percentage points
BOSCHLTD|2020-03|ROE|computed=7.0119|source=16.0000|category=version difference|difference > 5 percentage points
BOSCHLTD|2021-03|ROCE|computed=5.8824|source=20.6000|category=version difference|difference > 5 percentage points
BOSCHLTD|2021-03|ROE|computed=4.9069|source=16.0000|category=version difference|difference > 5 percentage points
BOSCHLTD|2022-03|ROCE|computed=14.2087|source=20.6000|category=version difference|difference > 5 percentage points
BOSCHLTD|2024-03|ROCE|computed=26.7041|source=20.6000|category=version difference|difference > 5 percentage points
BPCL|2013-03|ROCE|computed=11.4916|source=32.1000|category=version difference|difference > 5 percentage points
BPCL|2013-03|ROE|computed=11.5410|source=41.9000|category=version difference|difference > 5 percentage points
BPCL|2014-03|ROCE|computed=15.4929|source=32.1000|category=version difference|difference > 5 percentage points
BPCL|2014-03|ROE|computed=20.8488|source=41.9000|category=version difference|difference > 5 percentage points
BPCL|2015-03|ROCE|computed=18.4584|source=32.1000|category=version difference|difference > 5 percentage points
BPCL|2015-03|ROE|computed=22.5246|source=41.9000|category=version difference|difference > 5 percentage points
BPCL|2016-03|ROCE|computed=25.0322|source=32.1000|category=version difference|difference > 5 percentage points
BPCL|2016-03|ROE|computed=29.1034|source=41.9000|category=version difference|difference > 5 percentage points
BPCL|2017-03|ROCE|computed=21.6338|source=32.1000|category=version difference|difference > 5 percentage points
BPCL|2017-03|ROE|computed=30.8479|source=41.9000|category=version difference|difference > 5 percentage points
BPCL|2018-03|ROCE|computed=20.6791|source=32.1000|category=version difference|difference > 5 percentage points
BPCL|2018-03|ROE|computed=26.7402|source=41.9000|category=version difference|difference > 5 percentage points
BPCL|2019-03|ROCE|computed=17.5458|source=32.1000|category=version difference|difference > 5 percentage points
BPCL|2019-03|ROE|computed=21.9992|source=41.9000|category=version difference|difference > 5 percentage points
BPCL|2020-03|ROCE|computed=6.1652|source=32.1000|category=version difference|difference > 5 percentage points
BPCL|2020-03|ROE|computed=10.0350|source=41.9000|category=version difference|difference > 5 percentage points
BPCL|2021-03|ROCE|computed=22.3477|source=32.1000|category=version difference|difference > 5 percentage points
BPCL|2021-03|ROE|computed=32.3406|source=41.9000|category=version difference|difference > 5 percentage points
BPCL|2022-03|ROCE|computed=16.0110|source=32.1000|category=version difference|difference > 5 percentage points
BPCL|2022-03|ROE|computed=22.5065|source=41.9000|category=version difference|difference > 5 percentage points
BPCL|2023-03|ROCE|computed=5.3426|source=32.1000|category=version difference|difference > 5 percentage points
BPCL|2023-03|ROE|computed=3.9815|source=41.9000|category=version difference|difference > 5 percentage points
BPCL|2024-03|ROE|computed=35.5113|source=41.9000|category=version difference|difference > 5 percentage points
BRITANNIA|2013-03|ROCE|computed=42.5373|source=48.9000|category=version difference|difference > 5 percentage points
BRITANNIA|2013-03|ROE|computed=46.5950|source=57.1000|category=version difference|difference > 5 percentage points
BRITANNIA|2014-03|ROCE|computed=60.8650|source=48.9000|category=version difference|difference > 5 percentage points
BRITANNIA|2014-03|ROE|computed=49.4987|source=57.1000|category=version difference|difference > 5 percentage points
BRITANNIA|2015-03|ROCE|computed=68.6331|source=48.9000|category=version difference|difference > 5 percentage points
BRITANNIA|2016-03|ROCE|computed=55.1057|source=48.9000|category=version difference|difference > 5 percentage points
BRITANNIA|2016-03|ROE|computed=39.4359|source=57.1000|category=version difference|difference > 5 percentage points
BRITANNIA|2017-03|ROE|computed=32.8264|source=57.1000|category=version difference|difference > 5 percentage points
BRITANNIA|2018-03|ROCE|computed=42.3066|source=48.9000|category=version difference|difference > 5 percentage points
BRITANNIA|2018-03|ROE|computed=29.4774|source=57.1000|category=version difference|difference > 5 percentage points
BRITANNIA|2019-03|ROCE|computed=40.3039|source=48.9000|category=version difference|difference > 5 percentage points
BRITANNIA|2019-03|ROE|computed=27.1573|source=57.1000|category=version difference|difference > 5 percentage points
BRITANNIA|2020-03|ROCE|computed=32.3346|source=48.9000|category=version difference|difference > 5 percentage points
BRITANNIA|2020-03|ROE|computed=31.6602|source=57.1000|category=version difference|difference > 5 percentage points
BRITANNIA|2023-03|ROE|computed=65.5348|source=57.1000|category=version difference|difference > 5 percentage points
CANBK|2013-03|OPM cross-check|formula=21.1829|source=655.0000|category=data source issue|difference > 1%
CANBK|2013-03|ROE|computed=11.8963|source=17.9000|category=version difference|difference > 5 percentage points
CANBK|2014-03|OPM cross-check|formula=24.3518|source=-672.0000|category=data source issue|difference > 1%
CANBK|2014-03|ROCE|computed=1.5449|source=6.6300|category=version difference|difference > 5 percentage points
CANBK|2014-03|ROE|computed=8.8547|source=17.9000|category=version difference|difference > 5 percentage points
CANBK|2015-03|OPM cross-check|formula=23.5136|source=-621.0000|category=data source issue|difference > 1%
CANBK|2015-03|ROCE|computed=1.5820|source=6.6300|category=version difference|difference > 5 percentage points
CANBK|2015-03|ROE|computed=9.0207|source=17.9000|category=version difference|difference > 5 percentage points
CANBK|2016-03|OPM cross-check|formula=40.3847|source=-8008.0000|category=data source issue|difference > 1%
CANBK|2016-03|ROCE|computed=0.4363|source=6.6300|category=version difference|difference > 5 percentage points
CANBK|2016-03|ROE|computed=-7.8217|source=17.9000|category=version difference|difference > 5 percentage points
CANBK|2017-03|OPM cross-check|formula=37.8489|source=-5775.0000|category=data source issue|difference > 1%
CANBK|2017-03|ROE|computed=4.0680|source=17.9000|category=version difference|difference > 5 percentage points
CANBK|2018-03|OPM cross-check|formula=61.8745|source=-13350.0000|category=data source issue|difference > 1%
CANBK|2018-03|ROCE|computed=0.1648|source=6.6300|category=version difference|difference > 5 percentage points
CANBK|2018-03|ROE|computed=-10.4968|source=17.9000|category=version difference|difference > 5 percentage points
CANBK|2019-03|OPM cross-check|formula=56.7287|source=-11590.0000|category=data source issue|difference > 1%
CANBK|2019-03|ROCE|computed=1.1501|source=6.6300|category=version difference|difference > 5 percentage points
CANBK|2019-03|ROE|computed=1.8467|source=17.9000|category=version difference|difference > 5 percentage points
CANBK|2020-03|OPM cross-check|formula=53.8777|source=-12867.0000|category=data source issue|difference > 1%
CANBK|2020-03|ROCE|computed=1.4499|source=6.6300|category=version difference|difference > 5 percentage points
CANBK|2020-03|ROE|computed=-4.6619|source=17.9000|category=version difference|difference > 5 percentage points
CANBK|2021-03|OPM cross-check|formula=61.8294|source=-18367.0000|category=data source issue|difference > 1%
CANBK|2021-03|ROE|computed=4.7380|source=17.9000|category=version difference|difference > 5 percentage points
CANBK|2022-03|OPM cross-check|formula=58.3949|source=-13657.0000|category=data source issue|difference > 1%
CANBK|2022-03|ROE|computed=8.8020|source=17.9000|category=version difference|difference > 5 percentage points
CANBK|2023-03|OPM cross-check|formula=49.8015|source=-9877.0000|category=data source issue|difference > 1%
CANBK|2024-03|OPM cross-check|formula=41.7539|source=-7745.0000|category=data source issue|difference > 1%
CANBK|2025-03|OPM cross-check|formula=40.2255|source=-8985.0000|category=data source issue|difference > 1%
CHOLAFIN|2013-03|OPM cross-check|formula=26.7704|source=472.0000|category=data source issue|difference > 1%
CHOLAFIN|2013-03|ROCE|computed=2.6305|source=10.4000|category=version difference|difference > 5 percentage points
CHOLAFIN|2014-03|OPM cross-check|formula=28.4233|source=578.0000|category=data source issue|difference > 1%
CHOLAFIN|2014-03|ROCE|computed=2.7257|source=10.4000|category=version difference|difference > 5 percentage points
CHOLAFIN|2015-03|OPM cross-check|formula=28.5599|source=696.0000|category=data source issue|difference > 1%
CHOLAFIN|2015-03|ROCE|computed=2.9436|source=10.4000|category=version difference|difference > 5 percentage points
CHOLAFIN|2016-03|OPM cross-check|formula=30.0427|source=899.0000|category=data source issue|difference > 1%
CHOLAFIN|2016-03|ROCE|computed=3.3605|source=10.4000|category=version difference|difference > 5 percentage points
CHOLAFIN|2017-03|OPM cross-check|formula=28.1636|source=1143.0000|category=data source issue|difference > 1%
CHOLAFIN|2017-03|ROCE|computed=3.9127|source=10.4000|category=version difference|difference > 5 percentage points
CHOLAFIN|2018-03|OPM cross-check|formula=26.1018|source=1451.0000|category=data source issue|difference > 1%
CHOLAFIN|2018-03|ROCE|computed=3.2240|source=10.4000|category=version difference|difference > 5 percentage points
CHOLAFIN|2019-03|OPM cross-check|formula=22.9600|source=1888.0000|category=data source issue|difference > 1%
CHOLAFIN|2019-03|ROCE|computed=3.2285|source=10.4000|category=version difference|difference > 5 percentage points
CHOLAFIN|2020-03|OPM cross-check|formula=27.7893|source=1699.0000|category=data source issue|difference > 1%
CHOLAFIN|2020-03|ROCE|computed=2.5125|source=10.4000|category=version difference|difference > 5 percentage points
CHOLAFIN|2020-03|ROE|computed=12.8537|source=20.2000|category=version difference|difference > 5 percentage points
CHOLAFIN|2021-03|OPM cross-check|formula=30.3976|source=2094.0000|category=data source issue|difference > 1%
CHOLAFIN|2021-03|ROCE|computed=2.8692|source=10.4000|category=version difference|difference > 5 percentage points
CHOLAFIN|2022-03|OPM cross-check|formula=28.8333|source=2924.0000|category=data source issue|difference > 1%
CHOLAFIN|2022-03|ROCE|computed=3.6964|source=10.4000|category=version difference|difference > 5 percentage points
CHOLAFIN|2023-03|OPM cross-check|formula=28.1046|source=3515.0000|category=data source issue|difference > 1%
CHOLAFIN|2023-03|ROCE|computed=3.4332|source=10.4000|category=version difference|difference > 5 percentage points
CHOLAFIN|2024-03|OPM cross-check|formula=28.1010|source=4548.0000|category=data source issue|difference > 1%
CHOLAFIN|2024-03|ROCE|computed=3.1545|source=10.4000|category=version difference|difference > 5 percentage points
CHOLAFIN|2025-03|OPM cross-check|formula=28.6730|source=5175.0000|category=data source issue|difference > 1%
CIPLA|2013-03|OPM cross-check|formula=73.2576|source=2214.0000|category=data source issue|difference > 1%
CIPLA|2014-03|OPM cross-check|formula=78.8951|source=2147.0000|category=data source issue|difference > 1%
CIPLA|2015-03|OPM cross-check|formula=80.9431|source=2163.0000|category=data source issue|difference > 1%
CIPLA|2015-03|ROCE|computed=14.5382|source=22.8000|category=version difference|difference > 5 percentage points
CIPLA|2015-03|ROE|computed=11.3775|source=16.8000|category=version difference|difference > 5 percentage points
CIPLA|2016-03|OPM cross-check|formula=82.0160|source=2480.0000|category=data source issue|difference > 1%
CIPLA|2016-03|ROCE|computed=11.5737|source=22.8000|category=version difference|difference > 5 percentage points
CIPLA|2017-03|OPM cross-check|formula=82.6594|source=2496.0000|category=data source issue|difference > 1%
CIPLA|2017-03|ROCE|computed=8.5850|source=22.8000|category=version difference|difference > 5 percentage points
CIPLA|2017-03|ROE|computed=8.2510|source=16.8000|category=version difference|difference > 5 percentage points
CIPLA|2018-03|OPM cross-check|formula=81.3473|source=2826.0000|category=data source issue|difference > 1%
CIPLA|2018-03|ROCE|computed=10.6346|source=22.8000|category=version difference|difference > 5 percentage points
CIPLA|2018-03|ROE|computed=9.9585|source=16.8000|category=version difference|difference > 5 percentage points
CIPLA|2019-03|OPM cross-check|formula=81.0720|source=3097.0000|category=data source issue|difference > 1%
CIPLA|2019-03|ROCE|computed=13.2243|source=22.8000|category=version difference|difference > 5 percentage points
CIPLA|2019-03|ROE|computed=9.9387|source=16.8000|category=version difference|difference > 5 percentage points
CIPLA|2020-03|OPM cross-check|formula=81.2865|source=3206.0000|category=data source issue|difference > 1%
CIPLA|2020-03|ROCE|computed=13.5745|source=22.8000|category=version difference|difference > 5 percentage points
CIPLA|2020-03|ROE|computed=9.5160|source=16.8000|category=version difference|difference > 5 percentage points
CIPLA|2021-03|OPM cross-check|formula=77.8027|source=4252.0000|category=data source issue|difference > 1%
CIPLA|2021-03|ROCE|computed=17.4828|source=22.8000|category=version difference|difference > 5 percentage points
CIPLA|2022-03|OPM cross-check|formula=79.0838|source=4553.0000|category=data source issue|difference > 1%
CIPLA|2022-03|ROCE|computed=16.4041|source=22.8000|category=version difference|difference > 5 percentage points
CIPLA|2023-03|OPM cross-check|formula=77.9062|source=5027.0000|category=data source issue|difference > 1%
CIPLA|2024-03|OPM cross-check|formula=75.5917|source=6291.0000|category=data source issue|difference > 1%
CIPLA|2025-03|OPM cross-check|formula=74.4042|source=6906.0000|category=data source issue|difference > 1%
COALINDIA|2013-03|OPM cross-check|formula=73.5195|source=18087.0000|category=data source issue|difference > 1%
COALINDIA|2013-03|ROE|computed=35.8062|source=52.0000|category=version difference|difference > 5 percentage points
COALINDIA|2014-03|OPM cross-check|formula=74.8385|source=17766.0000|category=data source issue|difference > 1%
COALINDIA|2014-03|ROCE|computed=70.5674|source=63.6000|category=version difference|difference > 5 percentage points
COALINDIA|2014-03|ROE|computed=35.6381|source=52.0000|category=version difference|difference > 5 percentage points
COALINDIA|2015-03|OPM cross-check|formula=76.6015|source=17343.0000|category=data source issue|difference > 1%
COALINDIA|2015-03|ROCE|computed=69.0709|source=63.6000|category=version difference|difference > 5 percentage points
COALINDIA|2015-03|ROE|computed=34.0173|source=52.0000|category=version difference|difference > 5 percentage points
COALINDIA|2016-03|OPM cross-check|formula=75.9649|source=18714.0000|category=data source issue|difference > 1%
COALINDIA|2016-03|ROCE|computed=75.9852|source=63.6000|category=version difference|difference > 5 percentage points
COALINDIA|2016-03|ROE|computed=40.9583|source=52.0000|category=version difference|difference > 5 percentage points
COALINDIA|2017-03|OPM cross-check|formula=84.0745|source=12448.0000|category=data source issue|difference > 1%
COALINDIA|2017-03|ROCE|computed=71.7783|source=63.6000|category=version difference|difference > 5 percentage points
COALINDIA|2017-03|ROE|computed=37.8497|source=52.0000|category=version difference|difference > 5 percentage points
COALINDIA|2018-03|OPM cross-check|formula=89.1042|source=9288.0000|category=data source issue|difference > 1%
COALINDIA|2018-03|ROCE|computed=72.5041|source=63.6000|category=version difference|difference > 5 percentage points
COALINDIA|2018-03|ROE|computed=34.8796|source=52.0000|category=version difference|difference > 5 percentage points
COALINDIA|2019-03|OPM cross-check|formula=74.8890|source=25007.0000|category=data source issue|difference > 1%
COALINDIA|2019-03|ROCE|computed=114.9869|source=63.6000|category=version difference|difference > 5 percentage points
COALINDIA|2019-03|ROE|computed=66.0140|source=52.0000|category=version difference|difference > 5 percentage points
COALINDIA|2020-03|OPM cross-check|formula=77.5396|source=21581.0000|category=data source issue|difference > 1%
COALINDIA|2020-03|ROCE|computed=79.0728|source=63.6000|category=version difference|difference > 5 percentage points
COALINDIA|2021-03|OPM cross-check|formula=79.3082|source=18628.0000|category=data source issue|difference > 1%
COALINDIA|2021-03|ROCE|computed=51.2971|source=63.6000|category=version difference|difference > 5 percentage points
COALINDIA|2021-03|ROE|computed=34.7828|source=52.0000|category=version difference|difference > 5 percentage points
COALINDIA|2022-03|OPM cross-check|formula=77.4689|source=24721.0000|category=data source issue|difference > 1%
COALINDIA|2022-03|ROE|computed=40.2800|source=52.0000|category=version difference|difference > 5 percentage points
COALINDIA|2023-03|OPM cross-check|formula=68.0062|source=44232.0000|category=data source issue|difference > 1%
COALINDIA|2023-03|ROCE|computed=76.4645|source=63.6000|category=version difference|difference > 5 percentage points
COALINDIA|2024-03|OPM cross-check|formula=66.2938|source=47971.0000|category=data source issue|difference > 1%
COALINDIA|2024-03|ROE|computed=45.1698|source=52.0000|category=version difference|difference > 5 percentage points
COALINDIA|2025-03|OPM cross-check|formula=66.7842|source=46610.0000|category=data source issue|difference > 1%
DABUR|2013-03|ROCE|computed=31.0228|source=22.3000|category=version difference|difference > 5 percentage points
DABUR|2013-03|ROE|computed=36.5632|source=19.2000|category=version difference|difference > 5 percentage points
DABUR|2014-03|ROCE|computed=35.3746|source=22.3000|category=version difference|difference > 5 percentage points
DABUR|2014-03|ROE|computed=34.4880|source=19.2000|category=version difference|difference > 5 percentage points
DABUR|2015-03|ROCE|computed=33.2436|source=22.3000|category=version difference|difference > 5 percentage points
DABUR|2015-03|ROE|computed=31.8426|source=19.2000|category=version difference|difference > 5 percentage points
DABUR|2016-03|ROCE|computed=32.1945|source=22.3000|category=version difference|difference > 5 percentage points
DABUR|2016-03|ROE|computed=30.0647|source=19.2000|category=version difference|difference > 5 percentage points
DABUR|2017-03|ROCE|computed=28.5984|source=22.3000|category=version difference|difference > 5 percentage points
DABUR|2017-03|ROE|computed=26.4081|source=19.2000|category=version difference|difference > 5 percentage points
DABUR|2019-03|ROCE|computed=28.1946|source=22.3000|category=version difference|difference > 5 percentage points
DABUR|2019-03|ROE|computed=25.6747|source=19.2000|category=version difference|difference > 5 percentage points
DIVISLAB|2013-03|ROCE|computed=30.9392|source=16.5000|category=version difference|difference > 5 percentage points
DIVISLAB|2013-03|ROE|computed=24.0704|source=12.2000|category=version difference|difference > 5 percentage points
DIVISLAB|2014-03|ROCE|computed=33.3333|source=16.5000|category=version difference|difference > 5 percentage points
DIVISLAB|2014-03|ROE|computed=26.0796|source=12.2000|category=version difference|difference > 5 percentage points
DIVISLAB|2015-03|ROCE|computed=30.5138|source=16.5000|category=version difference|difference > 5 percentage points
DIVISLAB|2015-03|ROE|computed=24.3707|source=12.2000|category=version difference|difference > 5 percentage points
DIVISLAB|2016-03|ROCE|computed=32.2491|source=16.5000|category=version difference|difference > 5 percentage points
DIVISLAB|2016-03|ROE|computed=26.2287|source=12.2000|category=version difference|difference > 5 percentage points
DIVISLAB|2017-03|ROCE|computed=25.9225|source=16.5000|category=version difference|difference > 5 percentage points
DIVISLAB|2017-03|ROE|computed=19.7872|source=12.2000|category=version difference|difference > 5 percentage points
DIVISLAB|2019-03|ROCE|computed=26.3344|source=16.5000|category=version difference|difference > 5 percentage points
DIVISLAB|2019-03|ROE|computed=19.4480|source=12.2000|category=version difference|difference > 5 percentage points
DIVISLAB|2020-03|ROCE|computed=24.8469|source=16.5000|category=version difference|difference > 5 percentage points
DIVISLAB|2020-03|ROE|computed=18.8372|source=12.2000|category=version difference|difference > 5 percentage points
DIVISLAB|2021-03|ROCE|computed=28.6882|source=16.5000|category=version difference|difference > 5 percentage points
DIVISLAB|2021-03|ROE|computed=21.3448|source=12.2000|category=version difference|difference > 5 percentage points
DIVISLAB|2022-03|ROCE|computed=31.4183|source=16.5000|category=version difference|difference > 5 percentage points
DIVISLAB|2022-03|ROE|computed=25.2387|source=12.2000|category=version difference|difference > 5 percentage points
DLF|2015-03|ROE|computed=1.8525|source=6.9500|category=version difference|difference > 5 percentage points
DLF|2016-03|ROE|computed=1.2672|source=6.9500|category=version difference|difference > 5 percentage points
DLF|2018-03|ROCE|computed=21.9045|source=5.7400|category=version difference|difference > 5 percentage points
DLF|2018-03|ROE|computed=12.6788|source=6.9500|category=version difference|difference > 5 percentage points
DLF|2020-03|ROE|computed=-1.7128|source=6.9500|category=version difference|difference > 5 percentage points
DMART|2013-03|ROCE|computed=13.9924|source=19.4000|category=version difference|difference > 5 percentage points
DMART|2016-03|ROE|computed=21.0388|source=14.5000|category=version difference|difference > 5 percentage points
DMART|2018-03|ROCE|computed=25.0979|source=19.4000|category=version difference|difference > 5 percentage points
DMART|2021-03|ROCE|computed=12.1253|source=19.4000|category=version difference|difference > 5 percentage points
DMART|2021-03|ROE|computed=9.0200|source=14.5000|category=version difference|difference > 5 percentage points
DRREDDY|2015-03|ROCE|computed=21.2324|source=26.5000|category=version difference|difference > 5 percentage points
DRREDDY|2016-03|ROCE|computed=18.4787|source=26.5000|category=version difference|difference > 5 percentage points
DRREDDY|2017-03|ROCE|computed=9.5052|source=26.5000|category=version difference|difference > 5 percentage points
DRREDDY|2017-03|ROE|computed=10.5366|source=21.4000|category=version difference|difference > 5 percentage points
DRREDDY|2018-03|ROCE|computed=8.0995|source=26.5000|category=version difference|difference > 5 percentage points
DRREDDY|2018-03|ROE|computed=7.5326|source=21.4000|category=version difference|difference > 5 percentage points
DRREDDY|2019-03|ROCE|computed=13.5763|source=26.5000|category=version difference|difference > 5 percentage points
DRREDDY|2019-03|ROE|computed=13.9047|source=21.4000|category=version difference|difference > 5 percentage points
DRREDDY|2020-03|ROCE|computed=11.1404|source=26.5000|category=version difference|difference > 5 percentage points
DRREDDY|2020-03|ROE|computed=12.9880|source=21.4000|category=version difference|difference > 5 percentage points
DRREDDY|2021-03|ROCE|computed=14.4205|source=26.5000|category=version difference|difference > 5 percentage points
DRREDDY|2021-03|ROE|computed=11.0651|source=21.4000|category=version difference|difference > 5 percentage points
DRREDDY|2022-03|ROCE|computed=13.9715|source=26.5000|category=version difference|difference > 5 percentage points
DRREDDY|2022-03|ROE|computed=11.3575|source=21.4000|category=version difference|difference > 5 percentage points
EICHERMOT|2014-12|ROCE|computed=38.9666|source=31.1000|category=version difference|difference > 5 percentage points
EICHERMOT|2016-03|ROCE|computed=51.1153|source=31.1000|category=version difference|difference > 5 percentage points
EICHERMOT|2016-03|ROE|computed=36.6274|source=24.2000|category=version difference|difference > 5 percentage points
EICHERMOT|2017-03|ROCE|computed=44.6582|source=31.1000|category=version difference|difference > 5 percentage points
EICHERMOT|2017-03|ROE|computed=31.1880|source=24.2000|category=version difference|difference > 5 percentage points
EICHERMOT|2018-03|ROCE|computed=43.4619|source=31.1000|category=version difference|difference > 5 percentage points
EICHERMOT|2019-03|ROCE|computed=36.2878|source=31.1000|category=version difference|difference > 5 percentage points
EICHERMOT|2020-03|ROCE|computed=23.2063|source=31.1000|category=version difference|difference > 5 percentage points
EICHERMOT|2020-03|ROE|computed=18.3048|source=24.2000|category=version difference|difference > 5 percentage points
EICHERMOT|2021-03|ROCE|computed=19.0358|source=31.1000|category=version difference|difference > 5 percentage points
EICHERMOT|2021-03|ROE|computed=11.7765|source=24.2000|category=version difference|difference > 5 percentage points
EICHERMOT|2022-03|ROCE|computed=17.4740|source=31.1000|category=version difference|difference > 5 percentage points
EICHERMOT|2022-03|ROE|computed=13.3011|source=24.2000|category=version difference|difference > 5 percentage points
EICHERMOT|2023-03|ROCE|computed=25.0556|source=31.1000|category=version difference|difference > 5 percentage points
GAIL|2016-03|ROCE|computed=8.2961|source=14.7000|category=version difference|difference > 5 percentage points
GAIL|2016-03|ROE|computed=5.1479|source=14.0000|category=version difference|difference > 5 percentage points
GAIL|2017-03|ROE|computed=8.5841|source=14.0000|category=version difference|difference > 5 percentage points
GAIL|2019-03|ROCE|computed=20.7141|source=14.7000|category=version difference|difference > 5 percentage points
GAIL|2020-03|ROE|computed=19.3127|source=14.0000|category=version difference|difference > 5 percentage points
GAIL|2022-03|ROCE|computed=21.3637|source=14.7000|category=version difference|difference > 5 percentage points
GAIL|2022-03|ROE|computed=19.1908|source=14.0000|category=version difference|difference > 5 percentage points
GAIL|2023-03|ROCE|computed=9.2104|source=14.7000|category=version difference|difference > 5 percentage points
GAIL|2023-03|ROE|computed=8.6189|source=14.0000|category=version difference|difference > 5 percentage points
GODREJCP|2013-03|ROCE|computed=19.2754|source=26.4900|category=version difference|difference > 5 percentage points
GODREJCP|2013-03|ROE|computed=25.5056|source=6.7700|category=version difference|difference > 5 percentage points
GODREJCP|2014-03|ROCE|computed=18.7053|source=26.4900|category=version difference|difference > 5 percentage points
GODREJCP|2014-03|ROE|computed=21.6954|source=6.7700|category=version difference|difference > 5 percentage points
GODREJCP|2015-03|ROCE|computed=19.3654|source=26.4900|category=version difference|difference > 5 percentage points
GODREJCP|2015-03|ROE|computed=22.6398|source=6.7700|category=version difference|difference > 5 percentage points
GODREJCP|2016-03|ROCE|computed=18.0916|source=26.4900|category=version difference|difference > 5 percentage points
GODREJCP|2016-03|ROE|computed=19.4750|source=6.7700|category=version difference|difference > 5 percentage points
GODREJCP|2017-03|ROCE|computed=19.7893|source=26.4900|category=version difference|difference > 5 percentage points
GODREJCP|2017-03|ROE|computed=24.6699|source=6.7700|category=version difference|difference > 5 percentage points
GODREJCP|2018-03|ROE|computed=26.1106|source=6.7700|category=version difference|difference > 5 percentage points
GODREJCP|2019-03|ROE|computed=32.2279|source=6.7700|category=version difference|difference > 5 percentage points
GODREJCP|2020-03|ROCE|computed=17.3276|source=26.4900|category=version difference|difference > 5 percentage points
GODREJCP|2020-03|ROE|computed=18.9542|source=6.7700|category=version difference|difference > 5 percentage points
GODREJCP|2021-03|ROCE|computed=19.6231|source=26.4900|category=version difference|difference > 5 percentage points
GODREJCP|2021-03|ROE|computed=18.2329|source=6.7700|category=version difference|difference > 5 percentage points
GODREJCP|2022-03|ROCE|computed=17.1719|source=26.4900|category=version difference|difference > 5 percentage points
GODREJCP|2022-03|ROE|computed=15.4292|source=6.7700|category=version difference|difference > 5 percentage points
GODREJCP|2023-03|ROCE|computed=15.5521|source=26.4900|category=version difference|difference > 5 percentage points
GODREJCP|2023-03|ROE|computed=12.3387|source=6.7700|category=version difference|difference > 5 percentage points
GODREJCP|2024-03|ROCE|computed=3.2111|source=26.4900|category=version difference|difference > 5 percentage points
GODREJCP|2024-03|ROE|computed=-4.4531|source=6.7700|category=version difference|difference > 5 percentage points
GRASIM|2013-03|ROCE|computed=18.8140|source=9.3000|category=version difference|difference > 5 percentage points
GRASIM|2013-03|ROE|computed=19.2196|source=6.9000|category=version difference|difference > 5 percentage points
GRASIM|2014-03|ROE|computed=13.6664|source=6.9000|category=version difference|difference > 5 percentage points
GRASIM|2016-03|ROE|computed=12.5962|source=6.9000|category=version difference|difference > 5 percentage points
GRASIM|2017-03|ROCE|computed=16.3892|source=9.3000|category=version difference|difference > 5 percentage points
GRASIM|2017-03|ROE|computed=13.5279|source=6.9000|category=version difference|difference > 5 percentage points
GRASIM|2022-03|ROE|computed=14.8034|source=6.9000|category=version difference|difference > 5 percentage points
GRASIM|2023-03|ROE|computed=14.0687|source=6.9000|category=version difference|difference > 5 percentage points
HAL|2016-03|ROCE|computed=2328.2609|source=38.9000|category=version difference|difference > 5 percentage points
HAL|2016-03|ROE|computed=1665.0000|source=28.9000|category=version difference|difference > 5 percentage points
HAL|2017-03|ROCE|computed=2665.9259|source=38.9000|category=version difference|difference > 5 percentage points
HAL|2017-03|ROE|computed=1966.9173|source=28.9000|category=version difference|difference > 5 percentage points
HAL|2018-03|ROCE|computed=2462.4060|source=38.9000|category=version difference|difference > 5 percentage points
HAL|2018-03|ROE|computed=1528.4615|source=28.9000|category=version difference|difference > 5 percentage points
HAL|2019-03|ROCE|computed=2779.4326|source=38.9000|category=version difference|difference > 5 percentage points
HAL|2019-03|ROE|computed=1763.9098|source=28.9000|category=version difference|difference > 5 percentage points
HAL|2020-03|ROCE|computed=3069.2857|source=38.9000|category=version difference|difference > 5 percentage points
HAL|2020-03|ROE|computed=2059.4203|source=28.9000|category=version difference|difference > 5 percentage points
HAL|2021-03|ROCE|computed=3029.3333|source=38.9000|category=version difference|difference > 5 percentage points
HAL|2021-03|ROE|computed=2249.3056|source=28.9000|category=version difference|difference > 5 percentage points
HAL|2022-03|ROCE|computed=3209.6970|source=38.9000|category=version difference|difference > 5 percentage points
HAL|2022-03|ROE|computed=3324.1830|source=28.9000|category=version difference|difference > 5 percentage points
HAL|2023-03|ROCE|computed=2927.2321|source=38.9000|category=version difference|difference > 5 percentage points
HAL|2023-03|ROE|computed=3283.0508|source=28.9000|category=version difference|difference > 5 percentage points
HAL|2024-03|ROCE|computed=3180.7453|source=38.9000|category=version difference|difference > 5 percentage points
HAL|2024-03|ROE|computed=3816.5829|source=28.9000|category=version difference|difference > 5 percentage points
HAVELLS|2013-03|ROCE|computed=32.4670|source=24.4000|category=version difference|difference > 5 percentage points
HAVELLS|2013-03|ROE|computed=40.2913|source=18.0000|category=version difference|difference > 5 percentage points
HAVELLS|2014-03|ROE|computed=26.7707|source=18.0000|category=version difference|difference > 5 percentage points
HAVELLS|2015-03|ROCE|computed=29.6610|source=24.4000|category=version difference|difference > 5 percentage points
HAVELLS|2016-03|ROCE|computed=50.9649|source=24.4000|category=version difference|difference > 5 percentage points
HAVELLS|2016-03|ROE|computed=42.9468|source=18.0000|category=version difference|difference > 5 percentage points
HCLTECH|2013-06|ROCE|computed=37.8378|source=29.6000|category=version difference|difference > 5 percentage points
HCLTECH|2013-06|ROE|computed=30.6898|source=23.3000|category=version difference|difference > 5 percentage points
HCLTECH|2014-06|ROCE|computed=39.0461|source=29.6000|category=version difference|difference > 5 percentage points
HCLTECH|2014-06|ROE|computed=33.3913|source=23.3000|category=version difference|difference > 5 percentage points
HCLTECH|2015-06|ROCE|computed=37.0216|source=29.6000|category=version difference|difference > 5 percentage points
HCLTECH|2015-06|ROE|computed=30.3088|source=23.3000|category=version difference|difference > 5 percentage points
HCLTECH|2020-03|ROCE|computed=24.4460|source=29.6000|category=version difference|difference > 5 percentage points
HCLTECH|2021-03|ROCE|computed=24.5054|source=29.6000|category=version difference|difference > 5 percentage points
HDFCBANK|2013-03|OPM cross-check|formula=35.2221|source=3534.0000|category=data source issue|difference > 1%
HDFCBANK|2014-03|OPM cross-check|formula=31.7425|source=5602.0000|category=data source issue|difference > 1%
HDFCBANK|2015-03|OPM cross-check|formula=31.9031|source=7214.0000|category=data source issue|difference > 1%
HDFCBANK|2016-03|OPM cross-check|formula=31.7517|source=9037.0000|category=data source issue|difference > 1%
HDFCBANK|2017-03|OPM cross-check|formula=32.5586|source=11374.0000|category=data source issue|difference > 1%
HDFCBANK|2018-03|OPM cross-check|formula=34.6262|source=13374.0000|category=data source issue|difference > 1%
HDFCBANK|2019-03|OPM cross-check|formula=33.1454|source=16592.0000|category=data source issue|difference > 1%
HDFCBANK|2020-03|OPM cross-check|formula=37.2038|source=14593.0000|category=data source issue|difference > 1%
HDFCBANK|2021-03|OPM cross-check|formula=40.8061|source=16848.0000|category=data source issue|difference > 1%
HDFCBANK|2022-03|OPM cross-check|formula=41.6056|source=20795.0000|category=data source issue|difference > 1%
HDFCBANK|2023-03|OPM cross-check|formula=36.9198|source=29932.0000|category=data source issue|difference > 1%
HDFCBANK|2024-03|OPM cross-check|formula=61.4125|source=-44685.0000|category=data source issue|difference > 1%
HDFCBANK|2025-03|OPM cross-check|formula=62.6125|source=-57587.0000|category=data source issue|difference > 1%
HDFCLIFE|2013-03|OPM cross-check|formula=96.2660|source=525.0000|category=data source issue|difference > 1%
HDFCLIFE|2013-03|ROCE|computed=39.6410|source=6.6100|category=version difference|difference > 5 percentage points
HDFCLIFE|2013-03|ROE|computed=33.4331|source=11.4000|category=version difference|difference > 5 percentage points
HDFCLIFE|2014-03|OPM cross-check|formula=96.4756|source=605.0000|category=data source issue|difference > 1%
HDFCLIFE|2014-03|ROCE|computed=53.6826|source=6.6100|category=version difference|difference > 5 percentage points
HDFCLIFE|2014-03|ROE|computed=37.6037|source=11.4000|category=version difference|difference > 5 percentage points
HDFCLIFE|2015-03|OPM cross-check|formula=96.7885|source=874.0000|category=data source issue|difference > 1%
HDFCLIFE|2015-03|ROCE|computed=39.4726|source=6.6100|category=version difference|difference > 5 percentage points
HDFCLIFE|2015-03|ROE|computed=30.9327|source=11.4000|category=version difference|difference > 5 percentage points
HDFCLIFE|2016-03|OPM cross-check|formula=94.7412|source=953.0000|category=data source issue|difference > 1%
HDFCLIFE|2016-03|ROCE|computed=35.9652|source=6.6100|category=version difference|difference > 5 percentage points
HDFCLIFE|2016-03|ROE|computed=26.3294|source=11.4000|category=version difference|difference > 5 percentage points
HDFCLIFE|2017-03|OPM cross-check|formula=96.8251|source=972.0000|category=data source issue|difference > 1%
HDFCLIFE|2017-03|ROCE|computed=31.3643|source=6.6100|category=version difference|difference > 5 percentage points
HDFCLIFE|2017-03|ROE|computed=23.1835|source=11.4000|category=version difference|difference > 5 percentage points
HDFCLIFE|2018-03|OPM cross-check|formula=96.6708|source=1074.0000|category=data source issue|difference > 1%
HDFCLIFE|2018-03|ROCE|computed=33.6238|source=6.6100|category=version difference|difference > 5 percentage points
HDFCLIFE|2018-03|ROE|computed=23.5282|source=11.4000|category=version difference|difference > 5 percentage points
HDFCLIFE|2019-03|OPM cross-check|formula=96.8730|source=1215.0000|category=data source issue|difference > 1%
HDFCLIFE|2019-03|ROCE|computed=25.2924|source=6.6100|category=version difference|difference > 5 percentage points
HDFCLIFE|2019-03|ROE|computed=22.6515|source=11.4000|category=version difference|difference > 5 percentage points
HDFCLIFE|2020-03|OPM cross-check|formula=96.1164|source=1141.0000|category=data source issue|difference > 1%
HDFCLIFE|2020-03|ROCE|computed=26.9135|source=6.6100|category=version difference|difference > 5 percentage points
HDFCLIFE|2020-03|ROE|computed=19.0539|source=11.4000|category=version difference|difference > 5 percentage points
HDFCLIFE|2021-03|OPM cross-check|formula=98.2748|source=1235.0000|category=data source issue|difference > 1%
HDFCLIFE|2021-03|ROCE|computed=22.4459|source=6.6100|category=version difference|difference > 5 percentage points
HDFCLIFE|2022-03|OPM cross-check|formula=98.8410|source=778.0000|category=data source issue|difference > 1%
HDFCLIFE|2022-03|ROCE|computed=13.8954|source=6.6100|category=version difference|difference > 5 percentage points
HDFCLIFE|2023-03|OPM cross-check|formula=99.8861|source=80.0000|category=data source issue|difference > 1%
HDFCLIFE|2023-03|ROCE|computed=20.6412|source=6.6100|category=version difference|difference > 5 percentage points
HDFCLIFE|2024-03|OPM cross-check|formula=99.4768|source=531.0000|category=data source issue|difference > 1%
HDFCLIFE|2025-03|OPM cross-check|formula=99.2815|source=725.0000|category=data source issue|difference > 1%
HEROMOTOCO|2014-03|OPM cross-check|formula=85.9426|source=3553.0000|category=data source issue|difference > 1%
HEROMOTOCO|2014-03|ROCE|computed=55.7643|source=29.1000|category=version difference|difference > 5 percentage points
HEROMOTOCO|2014-03|ROE|computed=37.3822|source=22.0000|category=version difference|difference > 5 percentage points
HEROMOTOCO|2015-03|OPM cross-check|formula=87.2177|source=3520.0000|category=data source issue|difference > 1%
HEROMOTOCO|2015-03|ROCE|computed=54.4729|source=29.1000|category=version difference|difference > 5 percentage points
HEROMOTOCO|2015-03|ROE|computed=36.1468|source=22.0000|category=version difference|difference > 5 percentage points
HEROMOTOCO|2016-03|OPM cross-check|formula=84.4537|source=4424.0000|category=data source issue|difference > 1%
HEROMOTOCO|2016-03|ROCE|computed=53.0333|source=29.1000|category=version difference|difference > 5 percentage points
HEROMOTOCO|2016-03|ROE|computed=35.2275|source=22.0000|category=version difference|difference > 5 percentage points
HEROMOTOCO|2017-03|OPM cross-check|formula=83.9741|source=4585.0000|category=data source issue|difference > 1%
HEROMOTOCO|2017-03|ROCE|computed=54.0323|source=29.1000|category=version difference|difference > 5 percentage points
HEROMOTOCO|2017-03|ROE|computed=34.3738|source=22.0000|category=version difference|difference > 5 percentage points
HEROMOTOCO|2018-03|OPM cross-check|formula=83.5665|source=5334.0000|category=data source issue|difference > 1%
HEROMOTOCO|2018-03|ROCE|computed=48.0000|source=29.1000|category=version difference|difference > 5 percentage points
HEROMOTOCO|2018-03|ROE|computed=31.0892|source=22.0000|category=version difference|difference > 5 percentage points
HEROMOTOCO|2019-03|OPM cross-check|formula=85.2080|source=5025.0000|category=data source issue|difference > 1%
HEROMOTOCO|2019-03|ROCE|computed=43.5155|source=29.1000|category=version difference|difference > 5 percentage points
HEROMOTOCO|2020-03|OPM cross-check|formula=86.0874|source=4070.0000|category=data source issue|difference > 1%
HEROMOTOCO|2020-03|ROCE|computed=40.6824|source=29.1000|category=version difference|difference > 5 percentage points
HEROMOTOCO|2021-03|OPM cross-check|formula=86.8956|source=4058.0000|category=data source issue|difference > 1%
HEROMOTOCO|2022-03|OPM cross-check|formula=88.9818|source=3256.0000|category=data source issue|difference > 1%
HEROMOTOCO|2022-03|ROCE|computed=21.9001|source=29.1000|category=version difference|difference > 5 percentage points
HEROMOTOCO|2022-03|ROE|computed=14.6968|source=22.0000|category=version difference|difference > 5 percentage points
HEROMOTOCO|2023-03|OPM cross-check|formula=88.0028|source=4099.0000|category=data source issue|difference > 1%
HEROMOTOCO|2023-03|ROE|computed=16.8108|source=22.0000|category=version difference|difference > 5 percentage points
HEROMOTOCO|2024-03|OPM cross-check|formula=86.1468|source=5235.0000|category=data source issue|difference > 1%
HEROMOTOCO|2025-03|OPM cross-check|formula=86.1315|source=5561.0000|category=data source issue|difference > 1%
HINDALCO|2013-03|OPM cross-check|formula=90.3994|source=7699.0000|category=data source issue|difference > 1%
HINDALCO|2013-03|ROCE|computed=5.4399|source=11.3000|category=version difference|difference > 5 percentage points
HINDALCO|2014-03|OPM cross-check|formula=90.8501|source=8024.0000|category=data source issue|difference > 1%
HINDALCO|2014-03|ROCE|computed=3.1606|source=11.3000|category=version difference|difference > 5 percentage points
HINDALCO|2015-03|OPM cross-check|formula=91.5191|source=8844.0000|category=data source issue|difference > 1%
HINDALCO|2015-03|ROCE|computed=-0.4607|source=11.3000|category=version difference|difference > 5 percentage points
HINDALCO|2015-03|ROE|computed=0.6757|source=10.2000|category=version difference|difference > 5 percentage points
HINDALCO|2016-03|OPM cross-check|formula=92.1243|source=7778.0000|category=data source issue|difference > 1%
HINDALCO|2016-03|ROCE|computed=1.1991|source=11.3000|category=version difference|difference > 5 percentage points
HINDALCO|2016-03|ROE|computed=-1.7287|source=10.2000|category=version difference|difference > 5 percentage points
HINDALCO|2017-03|OPM cross-check|formula=87.7056|source=12317.0000|category=data source issue|difference > 1%
HINDALCO|2017-03|ROCE|computed=4.1074|source=11.3000|category=version difference|difference > 5 percentage points
HINDALCO|2017-03|ROE|computed=4.0861|source=10.2000|category=version difference|difference > 5 percentage points
HINDALCO|2018-03|OPM cross-check|formula=88.1102|source=13695.0000|category=data source issue|difference > 1%
HINDALCO|2019-03|OPM cross-check|formula=88.1180|source=15511.0000|category=data source issue|difference > 1%
HINDALCO|2020-03|OPM cross-check|formula=87.8910|source=14306.0000|category=data source issue|difference > 1%
HINDALCO|2020-03|ROCE|computed=5.3900|source=11.3000|category=version difference|difference > 5 percentage points
HINDALCO|2021-03|OPM cross-check|formula=86.6985|source=17559.0000|category=data source issue|difference > 1%
HINDALCO|2021-03|ROCE|computed=3.9024|source=11.3000|category=version difference|difference > 5 percentage points
HINDALCO|2022-03|OPM cross-check|formula=85.4675|source=28347.0000|category=data source issue|difference > 1%
HINDALCO|2022-03|ROE|computed=17.5596|source=10.2000|category=version difference|difference > 5 percentage points
HINDALCO|2023-03|OPM cross-check|formula=89.8451|source=22666.0000|category=data source issue|difference > 1%
HINDALCO|2024-03|OPM cross-check|formula=88.9462|source=23872.0000|category=data source issue|difference > 1%
HINDALCO|2025-03|OPM cross-check|formula=87.5318|source=27931.0000|category=data source issue|difference > 1%
HINDUNILVR|2013-03|OPM cross-check|formula=84.3727|source=4220.0000|category=data source issue|difference > 1%
HINDUNILVR|2013-03|ROCE|computed=214.1522|source=27.2000|category=version difference|difference > 5 percentage points
HINDUNILVR|2013-03|ROE|computed=133.9965|source=20.2000|category=version difference|difference > 5 percentage points
HINDUNILVR|2014-03|OPM cross-check|formula=83.7210|source=4759.0000|category=data source issue|difference > 1%
HINDUNILVR|2014-03|ROCE|computed=167.6528|source=27.2000|category=version difference|difference > 5 percentage points
HINDUNILVR|2014-03|ROE|computed=111.8462|source=20.2000|category=version difference|difference > 5 percentage points
HINDUNILVR|2015-03|OPM cross-check|formula=83.0727|source=5412.0000|category=data source issue|difference > 1%
HINDUNILVR|2015-03|ROCE|computed=185.9214|source=27.2000|category=version difference|difference > 5 percentage points
HINDUNILVR|2015-03|ROE|computed=108.6665|source=20.2000|category=version difference|difference > 5 percentage points
HINDUNILVR|2016-03|OPM cross-check|formula=81.6380|source=5910.0000|category=data source issue|difference > 1%
HINDUNILVR|2016-03|ROCE|computed=96.4741|source=27.2000|category=version difference|difference > 5 percentage points
HINDUNILVR|2016-03|ROE|computed=63.1523|source=20.2000|category=version difference|difference > 5 percentage points
HINDUNILVR|2017-03|OPM cross-check|formula=80.9179|source=6328.0000|category=data source issue|difference > 1%
HINDUNILVR|2017-03|ROCE|computed=100.7406|source=27.2000|category=version difference|difference > 5 percentage points
HINDUNILVR|2017-03|ROE|computed=66.5777|source=20.2000|category=version difference|difference > 5 percentage points
HINDUNILVR|2018-03|OPM cross-check|formula=78.9028|source=7499.0000|category=data source issue|difference > 1%
HINDUNILVR|2018-03|ROCE|computed=105.1916|source=27.2000|category=version difference|difference > 5 percentage points
HINDUNILVR|2018-03|ROE|computed=71.7896|source=20.2000|category=version difference|difference > 5 percentage points
HINDUNILVR|2019-03|OPM cross-check|formula=77.4103|source=8880.0000|category=data source issue|difference > 1%
HINDUNILVR|2019-03|ROCE|computed=112.0512|source=27.2000|category=version difference|difference > 5 percentage points
HINDUNILVR|2019-03|ROE|computed=77.0306|source=20.2000|category=version difference|difference > 5 percentage points
HINDUNILVR|2020-03|OPM cross-check|formula=75.2130|source=9861.0000|category=data source issue|difference > 1%
HINDUNILVR|2020-03|ROCE|computed=116.5269|source=27.2000|category=version difference|difference > 5 percentage points
HINDUNILVR|2020-03|ROE|computed=82.0999|source=20.2000|category=version difference|difference > 5 percentage points
HINDUNILVR|2021-03|OPM cross-check|formula=75.2786|source=11626.0000|category=data source issue|difference > 1%
HINDUNILVR|2022-03|OPM cross-check|formula=75.4853|source=12857.0000|category=data source issue|difference > 1%
HINDUNILVR|2023-03|OPM cross-check|formula=76.6474|source=14147.0000|category=data source issue|difference > 1%
HINDUNILVR|2024-03|OPM cross-check|formula=76.3167|source=14659.0000|category=data source issue|difference > 1%
HINDUNILVR|2025-03|OPM cross-check|formula=76.4463|source=14759.0000|category=data source issue|difference > 1%
ICICIBANK|2013-03|OPM cross-check|formula=70.5893|source=-15085.0000|category=data source issue|difference > 1%
ICICIBANK|2014-03|OPM cross-check|formula=66.3958|source=-13084.0000|category=data source issue|difference > 1%
ICICIBANK|2015-03|OPM cross-check|formula=70.5298|source=-16120.0000|category=data source issue|difference > 1%
ICICIBANK|2016-03|OPM cross-check|formula=88.1236|source=-26955.0000|category=data source issue|difference > 1%
ICICIBANK|2016-03|ROE|computed=11.6108|source=18.8000|category=version difference|difference > 5 percentage points
ICICIBANK|2017-03|OPM cross-check|formula=104.7604|source=-37737.0000|category=data source issue|difference > 1%
ICICIBANK|2017-03|ROE|computed=10.8380|source=18.8000|category=version difference|difference > 5 percentage points
ICICIBANK|2018-03|OPM cross-check|formula=117.1230|source=-44906.0000|category=data source issue|difference > 1%
ICICIBANK|2018-03|ROE|computed=8.2256|source=18.8000|category=version difference|difference > 5 percentage points
ICICIBANK|2019-03|OPM cross-check|formula=116.3833|source=-50971.0000|category=data source issue|difference > 1%
ICICIBANK|2019-03|ROE|computed=4.9793|source=18.8000|category=version difference|difference > 5 percentage points
ICICIBANK|2020-03|OPM cross-check|formula=100.6188|source=-45190.0000|category=data source issue|difference > 1%
ICICIBANK|2020-03|ROE|computed=9.1290|source=18.8000|category=version difference|difference > 5 percentage points
ICICIBANK|2021-03|OPM cross-check|formula=102.4068|source=-44805.0000|category=data source issue|difference > 1%
ICICIBANK|2021-03|ROE|computed=12.9224|source=18.8000|category=version difference|difference > 5 percentage points
ICICIBANK|2022-03|OPM cross-check|formula=84.6877|source=-26558.0000|category=data source issue|difference > 1%
ICICIBANK|2023-03|OPM cross-check|formula=72.5747|source=-17341.0000|category=data source issue|difference > 1%
ICICIBANK|2024-03|OPM cross-check|formula=62.4138|source=-14152.0000|category=data source issue|difference > 1%
ICICIBANK|2025-03|OPM cross-check|formula=69.6324|source=-31575.0000|category=data source issue|difference > 1%
ICICIGI|2013-03|OPM cross-check|formula=104.4616|source=-178.0000|category=data source issue|difference > 1%
ICICIGI|2013-03|ROCE|computed=50.1070|source=22.5000|category=version difference|difference > 5 percentage points
ICICIGI|2014-03|OPM cross-check|formula=105.1930|source=-225.0000|category=data source issue|difference > 1%
ICICIGI|2014-03|ROCE|computed=56.3910|source=22.5000|category=version difference|difference > 5 percentage points
ICICIGI|2015-03|OPM cross-check|formula=105.2433|source=-221.0000|category=data source issue|difference > 1%
ICICIGI|2015-03|ROCE|computed=58.8011|source=22.5000|category=version difference|difference > 5 percentage points
ICICIGI|2016-03|OPM cross-check|formula=87.3363|source=764.0000|category=data source issue|difference > 1%
ICICIGI|2017-03|OPM cross-check|formula=87.7793|source=919.0000|category=data source issue|difference > 1%
ICICIGI|2018-03|OPM cross-check|formula=103.7905|source=-262.0000|category=data source issue|difference > 1%
ICICIGI|2018-03|ROCE|computed=55.0139|source=22.5000|category=version difference|difference > 5 percentage points
ICICIGI|2019-03|OPM cross-check|formula=85.0488|source=1669.0000|category=data source issue|difference > 1%
ICICIGI|2020-03|OPM cross-check|formula=84.6140|source=1772.0000|category=data source issue|difference > 1%
ICICIGI|2021-03|OPM cross-check|formula=82.9702|source=2072.0000|category=data source issue|difference > 1%
ICICIGI|2022-03|OPM cross-check|formula=93.6603|source=1016.0000|category=data source issue|difference > 1%
ICICIGI|2023-03|OPM cross-check|formula=92.9291|source=1264.0000|category=data source issue|difference > 1%
ICICIGI|2023-03|ROCE|computed=29.6211|source=22.5000|category=version difference|difference > 5 percentage points
ICICIGI|2024-03|OPM cross-check|formula=87.4213|source=2577.0000|category=data source issue|difference > 1%
ICICIGI|2025-03|OPM cross-check|formula=85.5671|source=3363.0000|category=data source issue|difference > 1%
ICICIPRULI|2013-03|OPM cross-check|formula=96.2797|source=745.0000|category=data source issue|difference > 1%
ICICIPRULI|2013-03|ROCE|computed=62.8882|source=8.7500|category=version difference|difference > 5 percentage points
ICICIPRULI|2013-03|ROE|computed=38.2479|source=8.0700|category=version difference|difference > 5 percentage points
ICICIPRULI|2014-03|OPM cross-check|formula=93.1287|source=1504.0000|category=data source issue|difference > 1%
ICICIPRULI|2014-03|ROCE|computed=38.8090|source=8.7500|category=version difference|difference > 5 percentage points
ICICIPRULI|2014-03|ROE|computed=35.6149|source=8.0700|category=version difference|difference > 5 percentage points
ICICIPRULI|2015-03|OPM cross-check|formula=95.1964|source=1655.0000|category=data source issue|difference > 1%
ICICIPRULI|2015-03|ROCE|computed=32.0038|source=8.7500|category=version difference|difference > 5 percentage points
ICICIPRULI|2015-03|ROE|computed=31.1491|source=8.0700|category=version difference|difference > 5 percentage points
ICICIPRULI|2016-03|OPM cross-check|formula=91.1698|source=1842.0000|category=data source issue|difference > 1%
ICICIPRULI|2016-03|ROCE|computed=28.9987|source=8.7500|category=version difference|difference > 5 percentage points
ICICIPRULI|2016-03|ROE|computed=30.9976|source=8.0700|category=version difference|difference > 5 percentage points
ICICIPRULI|2017-03|OPM cross-check|formula=95.2242|source=1806.0000|category=data source issue|difference > 1%
ICICIPRULI|2017-03|ROCE|computed=31.1115|source=8.7500|category=version difference|difference > 5 percentage points
ICICIPRULI|2017-03|ROE|computed=26.2566|source=8.0700|category=version difference|difference > 5 percentage points
ICICIPRULI|2018-03|OPM cross-check|formula=95.4419|source=1771.0000|category=data source issue|difference > 1%
ICICIPRULI|2018-03|ROCE|computed=29.9817|source=8.7500|category=version difference|difference > 5 percentage points
ICICIPRULI|2018-03|ROE|computed=24.6273|source=8.0700|category=version difference|difference > 5 percentage points
ICICIPRULI|2019-03|OPM cross-check|formula=98.6952|source=541.0000|category=data source issue|difference > 1%
ICICIPRULI|2019-03|ROCE|computed=30.3740|source=8.7500|category=version difference|difference > 5 percentage points
ICICIPRULI|2019-03|ROE|computed=16.5769|source=8.0700|category=version difference|difference > 5 percentage points
ICICIPRULI|2020-03|OPM cross-check|formula=101.5172|source=-319.0000|category=data source issue|difference > 1%
ICICIPRULI|2020-03|ROCE|computed=38.4861|source=8.7500|category=version difference|difference > 5 percentage points
ICICIPRULI|2020-03|ROE|computed=14.7927|source=8.0700|category=version difference|difference > 5 percentage points
ICICIPRULI|2021-03|OPM cross-check|formula=100.4689|source=-390.0000|category=data source issue|difference > 1%
ICICIPRULI|2021-03|ROCE|computed=28.0144|source=8.7500|category=version difference|difference > 5 percentage points
ICICIPRULI|2022-03|OPM cross-check|formula=103.4044|source=-2163.0000|category=data source issue|difference > 1%
ICICIPRULI|2022-03|ROCE|computed=40.0850|source=8.7500|category=version difference|difference > 5 percentage points
ICICIPRULI|2023-03|OPM cross-check|formula=103.4807|source=-1757.0000|category=data source issue|difference > 1%
ICICIPRULI|2023-03|ROCE|computed=35.5182|source=8.7500|category=version difference|difference > 5 percentage points
ICICIPRULI|2024-03|OPM cross-check|formula=102.0253|source=-1829.0000|category=data source issue|difference > 1%
ICICIPRULI|2024-03|ROCE|computed=32.7571|source=8.7500|category=version difference|difference > 5 percentage points
ICICIPRULI|2025-03|OPM cross-check|formula=99.5862|source=321.0000|category=data source issue|difference > 1%
INDIGO|2013-03|OPM cross-check|formula=90.7096|source=855.0000|category=data source issue|difference > 1%
INDIGO|2013-03|ROCE|computed=8370.1299|source=24.5000|category=version difference|difference > 5 percentage points
INDIGO|2014-03|OPM cross-check|formula=96.1051|source=433.0000|category=data source issue|difference > 1%
INDIGO|2014-03|ROCE|computed=4706.5217|source=24.5000|category=version difference|difference > 5 percentage points
INDIGO|2015-03|OPM cross-check|formula=86.3339|source=1904.0000|category=data source issue|difference > 1%
INDIGO|2015-03|ROCE|computed=7375.0000|source=24.5000|category=version difference|difference > 5 percentage points
INDIGO|2016-03|OPM cross-check|formula=80.3965|source=3164.0000|category=data source issue|difference > 1%
INDIGO|2016-03|ROCE|computed=2430.1310|source=24.5000|category=version difference|difference > 5 percentage points
INDIGO|2017-03|OPM cross-check|formula=88.0624|source=2219.0000|category=data source issue|difference > 1%
INDIGO|2017-03|ROCE|computed=1955.3333|source=24.5000|category=version difference|difference > 5 percentage points
INDIGO|2018-03|OPM cross-check|formula=86.8381|source=3030.0000|category=data source issue|difference > 1%
INDIGO|2018-03|ROCE|computed=2645.4545|source=24.5000|category=version difference|difference > 5 percentage points
INDIGO|2019-03|OPM cross-check|formula=100.5299|source=-151.0000|category=data source issue|difference > 1%
INDIGO|2019-03|ROCE|computed=541.9355|source=24.5000|category=version difference|difference > 5 percentage points
INDIGO|2020-03|OPM cross-check|formula=88.6201|source=4069.0000|category=data source issue|difference > 1%
INDIGO|2020-03|ROCE|computed=494.4882|source=24.5000|category=version difference|difference > 5 percentage points
INDIGO|2021-03|OPM cross-check|formula=99.9795|source=2.0000|category=data source issue|difference > 1%
INDIGO|2021-03|ROCE|computed=-836.6492|source=24.5000|category=version difference|difference > 5 percentage points
INDIGO|2022-03|OPM cross-check|formula=97.8481|source=558.0000|category=data source issue|difference > 1%
INDIGO|2022-03|ROCE|computed=-822.6586|source=24.5000|category=version difference|difference > 5 percentage points
INDIGO|2023-03|OPM cross-check|formula=88.0248|source=6521.0000|category=data source issue|difference > 1%
INDIGO|2023-03|ROCE|computed=141.1914|source=24.5000|category=version difference|difference > 5 percentage points
INDIGO|2024-03|OPM cross-check|formula=76.2989|source=16331.0000|category=data source issue|difference > 1%
INDIGO|2024-03|ROCE|computed=1112.5536|source=24.5000|category=version difference|difference > 5 percentage points
INDIGO|2025-03|OPM cross-check|formula=79.1987|source=15908.0000|category=data source issue|difference > 1%
INDUSINDBK|2013-03|OPM cross-check|formula=27.8820|source=286.0000|category=data source issue|difference > 1%
INDUSINDBK|2014-03|OPM cross-check|formula=30.9547|source=335.0000|category=data source issue|difference > 1%
INDUSINDBK|2015-03|OPM cross-check|formula=32.3256|source=288.0000|category=data source issue|difference > 1%
INDUSINDBK|2016-03|OPM cross-check|formula=35.2763|source=329.0000|category=data source issue|difference > 1%
INDUSINDBK|2017-03|OPM cross-check|formula=39.4558|source=379.0000|category=data source issue|difference > 1%
INDUSINDBK|2018-03|OPM cross-check|formula=37.9318|source=942.0000|category=data source issue|difference > 1%
INDUSINDBK|2019-03|OPM cross-check|formula=41.7007|source=-437.0000|category=data source issue|difference > 1%
INDUSINDBK|2020-03|OPM cross-check|formula=43.8141|source=-553.0000|category=data source issue|difference > 1%
INDUSINDBK|2021-03|OPM cross-check|formula=55.1621|source=-2469.0000|category=data source issue|difference > 1%
INDUSINDBK|2021-03|ROE|computed=6.5398|source=15.2000|category=version difference|difference > 5 percentage points
INDUSINDBK|2022-03|OPM cross-check|formula=51.3919|source=-839.0000|category=data source issue|difference > 1%
INDUSINDBK|2022-03|ROE|computed=9.6671|source=15.2000|category=version difference|difference > 5 percentage points
INDUSINDBK|2023-03|OPM cross-check|formula=42.6886|source=2067.0000|category=data source issue|difference > 1%
INDUSINDBK|2024-03|OPM cross-check|formula=38.5547|source=2978.0000|category=data source issue|difference > 1%
INDUSINDBK|2025-03|OPM cross-check|formula=41.0252|source=1323.0000|category=data source issue|difference > 1%
INFY|2013-03|ROCE|computed=33.7001|source=40.0000|category=version difference|difference > 5 percentage points
INFY|2013-03|ROE|computed=24.8171|source=31.8000|category=version difference|difference > 5 percentage points
INFY|2014-03|ROCE|computed=33.0945|source=40.0000|category=version difference|difference > 5 percentage points
INFY|2014-03|ROE|computed=23.9299|source=31.8000|category=version difference|difference > 5 percentage points
INFY|2015-03|ROCE|computed=34.0902|source=40.0000|category=version difference|difference > 5 percentage points
INFY|2015-03|ROE|computed=24.3851|source=31.8000|category=version difference|difference > 5 percentage points
INFY|2016-03|ROCE|computed=30.3511|source=40.0000|category=version difference|difference > 5 percentage points
INFY|2016-03|ROE|computed=21.8467|source=31.8000|category=version difference|difference > 5 percentage points
INFY|2017-03|ROCE|computed=28.9220|source=40.0000|category=version difference|difference > 5 percentage points
INFY|2017-03|ROE|computed=20.8069|source=31.8000|category=version difference|difference > 5 percentage points
INFY|2018-03|ROCE|computed=31.2216|source=40.0000|category=version difference|difference > 5 percentage points
INFY|2018-03|ROE|computed=24.6892|source=31.8000|category=version difference|difference > 5 percentage points
INFY|2019-03|ROCE|computed=32.3967|source=40.0000|category=version difference|difference > 5 percentage points
INFY|2019-03|ROE|computed=23.7267|source=31.8000|category=version difference|difference > 5 percentage points
INFY|2020-03|ROCE|computed=31.6439|source=40.0000|category=version difference|difference > 5 percentage points
INFY|2020-03|ROE|computed=25.4225|source=31.8000|category=version difference|difference > 5 percentage points
INFY|2021-03|ROCE|computed=32.8407|source=40.0000|category=version difference|difference > 5 percentage points
INFY|2021-03|ROE|computed=25.4391|source=31.8000|category=version difference|difference > 5 percentage points
IOC|2013-03|ROCE|computed=7.6407|source=21.3100|category=version difference|difference > 5 percentage points
IOC|2013-03|ROE|computed=5.7538|source=25.4400|category=version difference|difference > 5 percentage points
IOC|2014-03|ROCE|computed=9.7808|source=21.3100|category=version difference|difference > 5 percentage points
IOC|2014-03|ROE|computed=10.2587|source=25.4400|category=version difference|difference > 5 percentage points
IOC|2015-03|ROCE|computed=8.3866|source=21.3100|category=version difference|difference > 5 percentage points
IOC|2015-03|ROE|computed=7.0781|source=25.4400|category=version difference|difference > 5 percentage points
IOC|2016-03|ROCE|computed=14.5147|source=21.3100|category=version difference|difference > 5 percentage points
IOC|2016-03|ROE|computed=13.7953|source=25.4400|category=version difference|difference > 5 percentage points
IOC|2017-03|ROE|computed=19.9665|source=25.4400|category=version difference|difference > 5 percentage points
IOC|2018-03|ROE|computed=19.8693|source=25.4400|category=version difference|difference > 5 percentage points
IOC|2019-03|ROCE|computed=14.7452|source=21.3100|category=version difference|difference > 5 percentage points
IOC|2019-03|ROE|computed=15.3589|source=25.4400|category=version difference|difference > 5 percentage points
IOC|2020-03|ROCE|computed=-0.6150|source=21.3100|category=version difference|difference > 5 percentage points
IOC|2020-03|ROE|computed=-1.9665|source=25.4400|category=version difference|difference > 5 percentage points
IOC|2021-03|ROCE|computed=14.7422|source=21.3100|category=version difference|difference > 5 percentage points
IOC|2021-03|ROE|computed=19.4585|source=25.4400|category=version difference|difference > 5 percentage points
IOC|2022-03|ROCE|computed=14.9660|source=21.3100|category=version difference|difference > 5 percentage points
IOC|2022-03|ROE|computed=19.2661|source=25.4400|category=version difference|difference > 5 percentage points
IOC|2023-03|ROCE|computed=7.8373|source=21.3100|category=version difference|difference > 5 percentage points
IOC|2023-03|ROE|computed=8.3767|source=25.4400|category=version difference|difference > 5 percentage points
IRCTC|2015-03|ROCE|computed=48.1982|source=53.8000|category=version difference|difference > 5 percentage points
IRCTC|2015-03|ROE|computed=29.5045|source=40.4000|category=version difference|difference > 5 percentage points
IRCTC|2016-03|ROE|computed=34.8708|source=40.4000|category=version difference|difference > 5 percentage points
IRCTC|2017-03|ROCE|computed=45.4892|source=53.8000|category=version difference|difference > 5 percentage points
IRCTC|2017-03|ROE|computed=29.0978|source=40.4000|category=version difference|difference > 5 percentage points
IRCTC|2018-03|ROCE|computed=36.5445|source=53.8000|category=version difference|difference > 5 percentage points
IRCTC|2018-03|ROE|computed=23.1414|source=40.4000|category=version difference|difference > 5 percentage points
IRCTC|2019-03|ROCE|computed=44.9113|source=53.8000|category=version difference|difference > 5 percentage points
IRCTC|2019-03|ROE|computed=28.8515|source=40.4000|category=version difference|difference > 5 percentage points
IRCTC|2021-03|ROCE|computed=17.3290|source=53.8000|category=version difference|difference > 5 percentage points
IRCTC|2021-03|ROE|computed=12.8434|source=40.4000|category=version difference|difference > 5 percentage points
IRCTC|2022-03|ROCE|computed=45.3671|source=53.8000|category=version difference|difference > 5 percentage points
IRCTC|2022-03|ROE|computed=35.2941|source=40.4000|category=version difference|difference > 5 percentage points
IRCTC|2024-03|ROCE|computed=46.0486|source=53.8000|category=version difference|difference > 5 percentage points
IRCTC|2024-03|ROE|computed=34.3963|source=40.4000|category=version difference|difference > 5 percentage points
IRFC|2013-03|ROE|computed=8.1639|source=13.7000|category=version difference|difference > 5 percentage points
IRFC|2016-03|ROE|computed=7.3666|source=13.7000|category=version difference|difference > 5 percentage points
IRFC|2017-03|ROE|computed=7.7775|source=13.7000|category=version difference|difference > 5 percentage points
ITC|2013-03|ROCE|computed=48.2115|source=34.7600|category=version difference|difference > 5 percentage points
ITC|2014-03|ROCE|computed=47.6036|source=34.7600|category=version difference|difference > 5 percentage points
ITC|2015-03|ROCE|computed=45.1586|source=34.7600|category=version difference|difference > 5 percentage points
ITC|2016-03|ROE|computed=22.2610|source=29.4700|category=version difference|difference > 5 percentage points
ITC|2017-03|ROE|computed=22.5734|source=29.4700|category=version difference|difference > 5 percentage points
ITC|2018-03|ROE|computed=21.8873|source=29.4700|category=version difference|difference > 5 percentage points
ITC|2019-03|ROE|computed=21.7041|source=29.4700|category=version difference|difference > 5 percentage points
ITC|2020-03|ROE|computed=23.8889|source=29.4700|category=version difference|difference > 5 percentage points
ITC|2021-03|ROCE|computed=29.6876|source=34.7600|category=version difference|difference > 5 percentage points
ITC|2021-03|ROE|computed=22.1767|source=29.4700|category=version difference|difference > 5 percentage points
JINDALSTEL|2014-03|ROCE|computed=7.3231|source=13.2000|category=version difference|difference > 5 percentage points
JINDALSTEL|2014-03|ROE|computed=8.3857|source=14.1000|category=version difference|difference > 5 percentage points
JINDALSTEL|2015-03|ROCE|computed=2.0017|source=13.2000|category=version difference|difference > 5 percentage points
JINDALSTEL|2015-03|ROE|computed=-6.9005|source=14.1000|category=version difference|difference > 5 percentage points
JINDALSTEL|2016-03|ROCE|computed=-0.8961|source=13.2000|category=version difference|difference > 5 percentage points
JINDALSTEL|2016-03|ROE|computed=-9.5172|source=14.1000|category=version difference|difference > 5 percentage points
JINDALSTEL|2017-03|ROCE|computed=0.5244|source=13.2000|category=version difference|difference > 5 percentage points
JINDALSTEL|2017-03|ROE|computed=-8.4456|source=14.1000|category=version difference|difference > 5 percentage points
JINDALSTEL|2018-03|ROCE|computed=2.7295|source=13.2000|category=version difference|difference > 5 percentage points
JINDALSTEL|2018-03|ROE|computed=-5.3184|source=14.1000|category=version difference|difference > 5 percentage points
JINDALSTEL|2019-03|ROCE|computed=2.0406|source=13.2000|category=version difference|difference > 5 percentage points
JINDALSTEL|2019-03|ROE|computed=-7.5175|source=14.1000|category=version difference|difference > 5 percentage points
JINDALSTEL|2020-03|ROCE|computed=5.0420|source=13.2000|category=version difference|difference > 5 percentage points
JINDALSTEL|2020-03|ROE|computed=-1.2447|source=14.1000|category=version difference|difference > 5 percentage points
JINDALSTEL|2022-03|ROCE|computed=23.5675|source=13.2000|category=version difference|difference > 5 percentage points
JIOFIN|2023-03|OPM cross-check|formula=86.6667|source=88.0000|category=data source issue|difference > 1%
JSWENERGY|2013-03|ROE|computed=14.5229|source=8.4000|category=version difference|difference > 5 percentage points
JSWENERGY|2015-03|ROCE|computed=18.0169|source=8.5900|category=version difference|difference > 5 percentage points
JSWENERGY|2015-03|ROE|computed=18.0633|source=8.4000|category=version difference|difference > 5 percentage points
JSWENERGY|2016-03|ROCE|computed=14.3084|source=8.5900|category=version difference|difference > 5 percentage points
JSWENERGY|2016-03|ROE|computed=15.0453|source=8.4000|category=version difference|difference > 5 percentage points
JSWENERGY|2018-03|ROE|computed=0.7651|source=8.4000|category=version difference|difference > 5 percentage points
JSWSTEEL|2013-03|ROE|computed=5.4439|source=11.6600|category=version difference|difference > 5 percentage points
JSWSTEEL|2014-03|ROCE|computed=7.6824|source=13.3600|category=version difference|difference > 5 percentage points
JSWSTEEL|2014-03|ROE|computed=1.8986|source=11.6600|category=version difference|difference > 5 percentage points
JSWSTEEL|2016-03|ROCE|computed=1.8522|source=13.3600|category=version difference|difference > 5 percentage points
JSWSTEEL|2016-03|ROE|computed=-2.5361|source=11.6600|category=version difference|difference > 5 percentage points
JSWSTEEL|2018-03|ROE|computed=21.8337|source=11.6600|category=version difference|difference > 5 percentage points
JSWSTEEL|2019-03|ROE|computed=21.6238|source=11.6600|category=version difference|difference > 5 percentage points
JSWSTEEL|2020-03|ROCE|computed=7.4249|source=13.3600|category=version difference|difference > 5 percentage points
JSWSTEEL|2021-03|ROE|computed=16.8356|source=11.6600|category=version difference|difference > 5 percentage points
JSWSTEEL|2022-03|ROCE|computed=24.8778|source=13.3600|category=version difference|difference > 5 percentage points
JSWSTEEL|2022-03|ROE|computed=31.1128|source=11.6600|category=version difference|difference > 5 percentage points
JSWSTEEL|2023-03|ROE|computed=6.3003|source=11.6600|category=version difference|difference > 5 percentage points
KOTAKBANK|2013-03|OPM cross-check|formula=60.9245|source=-1789.0000|category=data source issue|difference > 1%
KOTAKBANK|2014-03|OPM cross-check|formula=58.8437|source=-1379.0000|category=data source issue|difference > 1%
KOTAKBANK|2015-03|OPM cross-check|formula=72.9634|source=-3366.0000|category=data source issue|difference > 1%
KOTAKBANK|2016-03|OPM cross-check|formula=56.5680|source=-2263.0000|category=data source issue|difference > 1%
KOTAKBANK|2017-03|OPM cross-check|formula=66.4397|source=-3965.0000|category=data source issue|difference > 1%
KOTAKBANK|2018-03|OPM cross-check|formula=66.8696|source=-4141.0000|category=data source issue|difference > 1%
KOTAKBANK|2019-03|OPM cross-check|formula=66.2331|source=-5114.0000|category=data source issue|difference > 1%
KOTAKBANK|2020-03|OPM cross-check|formula=67.4494|source=-5005.0000|category=data source issue|difference > 1%
KOTAKBANK|2021-03|OPM cross-check|formula=90.8349|source=-9958.0000|category=data source issue|difference > 1%
KOTAKBANK|2022-03|OPM cross-check|formula=90.9843|source=-8512.0000|category=data source issue|difference > 1%
KOTAKBANK|2023-03|OPM cross-check|formula=79.4406|source=-5746.0000|category=data source issue|difference > 1%
KOTAKBANK|2024-03|OPM cross-check|formula=83.6673|source=-13382.0000|category=data source issue|difference > 1%
KOTAKBANK|2025-03|OPM cross-check|formula=79.4217|source=-14146.0000|category=data source issue|difference > 1%
LICI|2019-03|ROCE|computed=3.0343|source=63.7900|category=version difference|difference > 5 percentage points
LICI|2019-03|ROE|computed=324.3210|source=63.6100|category=version difference|difference > 5 percentage points
LICI|2020-03|ROCE|computed=5.3236|source=63.7900|category=version difference|difference > 5 percentage points
LICI|2020-03|ROE|computed=270.4591|source=63.6100|category=version difference|difference > 5 percentage points
LICI|2021-03|ROCE|computed=176.4082|source=63.7900|category=version difference|difference > 5 percentage points
LICI|2021-03|ROE|computed=43.2016|source=63.6100|category=version difference|difference > 5 percentage points
LICI|2022-03|ROCE|computed=107.0465|source=63.7900|category=version difference|difference > 5 percentage points
LICI|2022-03|ROE|computed=36.3821|source=63.6100|category=version difference|difference > 5 percentage points
LICI|2023-03|ROCE|computed=89.8492|source=63.7900|category=version difference|difference > 5 percentage points
LICI|2023-03|ROE|computed=77.8600|source=63.6100|category=version difference|difference > 5 percentage points
LICI|2024-03|ROCE|computed=56.9712|source=63.7900|category=version difference|difference > 5 percentage points
LICI|2024-03|ROE|computed=49.4471|source=63.6100|category=version difference|difference > 5 percentage points
LODHA|2011-03|ROE|computed=35.4839|source=10.7000|category=version difference|difference > 5 percentage points
LODHA|2012-03|ROE|computed=33.8366|source=10.7000|category=version difference|difference > 5 percentage points
LODHA|2015-03|ROE|computed=24.2259|source=10.7000|category=version difference|difference > 5 percentage points
LODHA|2016-03|ROE|computed=17.6944|source=10.7000|category=version difference|difference > 5 percentage points
LODHA|2018-03|ROCE|computed=5.6612|source=11.1000|category=version difference|difference > 5 percentage points
LODHA|2019-03|ROE|computed=42.8014|source=10.7000|category=version difference|difference > 5 percentage points
LODHA|2020-03|ROE|computed=16.3005|source=10.7000|category=version difference|difference > 5 percentage points
LODHA|2021-03|ROCE|computed=5.1290|source=11.1000|category=version difference|difference > 5 percentage points
LODHA|2021-03|ROE|computed=1.0437|source=10.7000|category=version difference|difference > 5 percentage points
LODHA|2023-03|ROCE|computed=4.2996|source=11.1000|category=version difference|difference > 5 percentage points
LODHA|2023-03|ROE|computed=3.8695|source=10.7000|category=version difference|difference > 5 percentage points
LT|2013-03|ROCE|computed=780.6739|source=17.1800|category=version difference|difference > 5 percentage points
LT|2013-03|ROE|computed=395.1456|source=10.4900|category=version difference|difference > 5 percentage points
LT|2014-03|ROCE|computed=812.6163|source=17.1800|category=version difference|difference > 5 percentage points
LT|2014-03|ROE|computed=303.4161|source=10.4900|category=version difference|difference > 5 percentage points
LT|2015-03|ROCE|computed=645.4100|source=17.1800|category=version difference|difference > 5 percentage points
LT|2015-03|ROE|computed=245.1135|source=10.4900|category=version difference|difference > 5 percentage points
LT|2016-03|ROCE|computed=684.3578|source=17.1800|category=version difference|difference > 5 percentage points
LT|2016-03|ROE|computed=216.0941|source=10.4900|category=version difference|difference > 5 percentage points
LT|2017-03|ROCE|computed=499.8728|source=17.1800|category=version difference|difference > 5 percentage points
LT|2017-03|ROE|computed=206.2977|source=10.4900|category=version difference|difference > 5 percentage points
LT|2018-03|ROCE|computed=501.3731|source=17.1800|category=version difference|difference > 5 percentage points
LT|2018-03|ROE|computed=207.3575|source=10.4900|category=version difference|difference > 5 percentage points
LT|2019-03|ROCE|computed=483.2209|source=17.1800|category=version difference|difference > 5 percentage points
LT|2019-03|ROE|computed=208.8085|source=10.4900|category=version difference|difference > 5 percentage points
LT|2020-03|ROCE|computed=397.5142|source=17.1800|category=version difference|difference > 5 percentage points
LT|2020-03|ROE|computed=201.5914|source=10.4900|category=version difference|difference > 5 percentage points
LT|2021-03|ROCE|computed=353.8386|source=17.1800|category=version difference|difference > 5 percentage points
LT|2021-03|ROE|computed=176.9031|source=10.4900|category=version difference|difference > 5 percentage points
LT|2022-03|ROCE|computed=163.1376|source=17.1800|category=version difference|difference > 5 percentage points
LT|2022-03|ROE|computed=72.9213|source=10.4900|category=version difference|difference > 5 percentage points
LT|2023-03|ROCE|computed=146.4402|source=17.1800|category=version difference|difference > 5 percentage points
LT|2023-03|ROE|computed=75.5243|source=10.4900|category=version difference|difference > 5 percentage points
LT|2024-03|ROCE|computed=135.9455|source=17.1800|category=version difference|difference > 5 percentage points
LT|2024-03|ROE|computed=77.6651|source=10.4900|category=version difference|difference > 5 percentage points
LTIM|2013-03|ROCE|computed=48.9510|source=34.1000|category=version difference|difference > 5 percentage points
LTIM|2013-03|ROE|computed=41.9716|source=26.0400|category=version difference|difference > 5 percentage points
LTIM|2014-03|ROCE|computed=71.8023|source=34.1000|category=version difference|difference > 5 percentage points
LTIM|2014-03|ROE|computed=61.8634|source=26.0400|category=version difference|difference > 5 percentage points
LTIM|2015-03|ROCE|computed=42.1569|source=34.1000|category=version difference|difference > 5 percentage points
LTIM|2015-03|ROE|computed=37.9566|source=26.0400|category=version difference|difference > 5 percentage points
LTIM|2016-03|ROCE|computed=47.7523|source=34.1000|category=version difference|difference > 5 percentage points
LTIM|2016-03|ROE|computed=39.3412|source=26.0400|category=version difference|difference > 5 percentage points
LTIM|2017-03|ROCE|computed=39.4084|source=34.1000|category=version difference|difference > 5 percentage points
LTIM|2019-03|ROCE|computed=41.6718|source=34.1000|category=version difference|difference > 5 percentage points
LTIM|2024-03|ROCE|computed=28.3897|source=34.1000|category=version difference|difference > 5 percentage points
M&M|2013-03|ROCE|computed=16.1838|source=26.9800|category=version difference|difference > 5 percentage points
M&M|2014-03|ROCE|computed=15.0050|source=26.9800|category=version difference|difference > 5 percentage points
M&M|2015-03|ROCE|computed=11.7143|source=26.9800|category=version difference|difference > 5 percentage points
M&M|2016-03|ROCE|computed=13.2853|source=26.9800|category=version difference|difference > 5 percentage points
M&M|2017-03|ROCE|computed=12.7285|source=26.9800|category=version difference|difference > 5 percentage points
M&M|2018-03|ROCE|computed=15.4446|source=26.9800|category=version difference|difference > 5 percentage points
M&M|2019-03|ROCE|computed=12.5344|source=26.9800|category=version difference|difference > 5 percentage points
M&M|2020-03|ROCE|computed=6.2887|source=26.9800|category=version difference|difference > 5 percentage points
M&M|2020-03|ROE|computed=-0.8031|source=17.9900|category=version difference|difference > 5 percentage points
M&M|2021-03|ROCE|computed=7.5773|source=26.9800|category=version difference|difference > 5 percentage points
M&M|2021-03|ROE|computed=3.6362|source=17.9900|category=version difference|difference > 5 percentage points
M&M|2022-03|ROCE|computed=11.5291|source=26.9800|category=version difference|difference > 5 percentage points
M&M|2023-03|ROCE|computed=13.3838|source=26.9800|category=version difference|difference > 5 percentage points
M&M|2024-03|ROCE|computed=13.4216|source=26.9800|category=version difference|difference > 5 percentage points
MARUTI|2013-03|ROCE|computed=15.8664|source=23.6700|category=version difference|difference > 5 percentage points
MARUTI|2014-03|ROCE|computed=16.6723|source=23.6700|category=version difference|difference > 5 percentage points
MARUTI|2020-03|ROCE|computed=14.5916|source=23.6700|category=version difference|difference > 5 percentage points
MARUTI|2021-03|ROCE|computed=10.2240|source=23.6700|category=version difference|difference > 5 percentage points
MARUTI|2021-03|ROE|computed=8.3598|source=15.7500|category=version difference|difference > 5 percentage points
MARUTI|2022-03|ROCE|computed=8.6515|source=23.6700|category=version difference|difference > 5 percentage points
MARUTI|2022-03|ROE|computed=7.0121|source=15.7500|category=version difference|difference > 5 percentage points
MARUTI|2023-03|ROCE|computed=14.0940|source=23.6700|category=version difference|difference > 5 percentage points
MOTHERSON|2013-03|ROE|computed=19.7466|source=11.8000|category=version difference|difference > 5 percentage points
MOTHERSON|2014-03|ROCE|computed=24.2339|source=13.7000|category=version difference|difference > 5 percentage points
MOTHERSON|2014-03|ROE|computed=37.0733|source=11.8000|category=version difference|difference > 5 percentage points
MOTHERSON|2015-03|ROCE|computed=25.2513|source=13.7000|category=version difference|difference > 5 percentage points
MOTHERSON|2015-03|ROE|computed=38.8688|source=11.8000|category=version difference|difference > 5 percentage points
MOTHERSON|2016-03|ROCE|computed=25.2054|source=13.7000|category=version difference|difference > 5 percentage points
MOTHERSON|2016-03|ROE|computed=40.3457|source=11.8000|category=version difference|difference > 5 percentage points
MOTHERSON|2017-03|ROE|computed=26.2573|source=11.8000|category=version difference|difference > 5 percentage points
MOTHERSON|2018-03|ROE|computed=22.8652|source=11.8000|category=version difference|difference > 5 percentage points
MOTHERSON|2019-03|ROE|computed=19.1371|source=11.8000|category=version difference|difference > 5 percentage points
MOTHERSON|2021-03|ROCE|computed=8.2153|source=13.7000|category=version difference|difference > 5 percentage points
MOTHERSON|2022-03|ROCE|computed=6.7141|source=13.7000|category=version difference|difference > 5 percentage points
MOTHERSON|2022-03|ROE|computed=5.7412|source=11.8000|category=version difference|difference > 5 percentage points
NAUKRI|2013-03|ROCE|computed=21.8391|source=3.6500|category=version difference|difference > 5 percentage points
NAUKRI|2013-03|ROE|computed=12.5000|source=2.4400|category=version difference|difference > 5 percentage points
NAUKRI|2014-03|ROCE|computed=18.2764|source=3.6500|category=version difference|difference > 5 percentage points
NAUKRI|2014-03|ROE|computed=8.9286|source=2.4400|category=version difference|difference > 5 percentage points
NAUKRI|2016-03|ROCE|computed=11.5285|source=3.6500|category=version difference|difference > 5 percentage points
NAUKRI|2016-03|ROE|computed=7.6474|source=2.4400|category=version difference|difference > 5 percentage points
NAUKRI|2017-03|ROE|computed=-2.7010|source=2.4400|category=version difference|difference > 5 percentage points
NAUKRI|2018-03|ROCE|computed=28.8368|source=3.6500|category=version difference|difference > 5 percentage points
NAUKRI|2018-03|ROE|computed=24.4988|source=2.4400|category=version difference|difference > 5 percentage points
NAUKRI|2019-03|ROCE|computed=28.4198|source=3.6500|category=version difference|difference > 5 percentage points
NAUKRI|2019-03|ROE|computed=23.2796|source=2.4400|category=version difference|difference > 5 percentage points
NAUKRI|2020-03|ROCE|computed=-4.9296|source=3.6500|category=version difference|difference > 5 percentage points
NAUKRI|2020-03|ROE|computed=-11.2073|source=2.4400|category=version difference|difference > 5 percentage points
NAUKRI|2021-03|ROCE|computed=29.5367|source=3.6500|category=version difference|difference > 5 percentage points
NAUKRI|2021-03|ROE|computed=26.2787|source=2.4400|category=version difference|difference > 5 percentage points
NAUKRI|2022-03|ROCE|computed=82.1160|source=3.6500|category=version difference|difference > 5 percentage points
NAUKRI|2022-03|ROE|computed=74.7129|source=2.4400|category=version difference|difference > 5 percentage points
NESTLEIND|2013-12|ROCE|computed=48.2148|source=185.4300|category=version difference|difference > 5 percentage points
NESTLEIND|2013-12|ROE|computed=47.1706|source=135.6100|category=version difference|difference > 5 percentage points
NESTLEIND|2014-12|ROCE|computed=62.5831|source=185.4300|category=version difference|difference > 5 percentage points
NESTLEIND|2014-12|ROE|computed=41.7695|source=135.6100|category=version difference|difference > 5 percentage points
NESTLEIND|2015-12|ROCE|computed=28.8183|source=185.4300|category=version difference|difference > 5 percentage points
NESTLEIND|2015-12|ROE|computed=19.9858|source=135.6100|category=version difference|difference > 5 percentage points
NESTLEIND|2016-12|ROCE|computed=49.3514|source=185.4300|category=version difference|difference > 5 percentage points
NESTLEIND|2016-12|ROE|computed=30.4997|source=135.6100|category=version difference|difference > 5 percentage points
NESTLEIND|2017-12|ROCE|computed=55.8900|source=185.4300|category=version difference|difference > 5 percentage points
NESTLEIND|2017-12|ROE|computed=35.8187|source=135.6100|category=version difference|difference > 5 percentage points
NESTLEIND|2018-12|ROCE|computed=68.5275|source=185.4300|category=version difference|difference > 5 percentage points
NESTLEIND|2018-12|ROE|computed=43.7517|source=135.6100|category=version difference|difference > 5 percentage points
NESTLEIND|2019-12|ROCE|computed=132.9853|source=185.4300|category=version difference|difference > 5 percentage points
NESTLEIND|2019-12|ROE|computed=102.6069|source=135.6100|category=version difference|difference > 5 percentage points
NESTLEIND|2020-12|ROCE|computed=137.4423|source=185.4300|category=version difference|difference > 5 percentage points
NESTLEIND|2020-12|ROE|computed=103.1204|source=135.6100|category=version difference|difference > 5 percentage points
NESTLEIND|2021-12|ROCE|computed=138.2911|source=185.4300|category=version difference|difference > 5 percentage points
NESTLEIND|2021-12|ROE|computed=108.8386|source=135.6100|category=version difference|difference > 5 percentage points
NESTLEIND|2022-12|ROCE|computed=124.9451|source=185.4300|category=version difference|difference > 5 percentage points
NESTLEIND|2022-12|ROE|computed=97.2346|source=135.6100|category=version difference|difference > 5 percentage points
NESTLEIND|2023-12|ROCE|computed=152.2711|source=185.4300|category=version difference|difference > 5 percentage points
NESTLEIND|2023-12|ROE|computed=121.9601|source=135.6100|category=version difference|difference > 5 percentage points
NESTLEIND|2024-03|ROCE|computed=147.4627|source=185.4300|category=version difference|difference > 5 percentage points
NESTLEIND|2024-03|ROE|computed=117.7545|source=135.6100|category=version difference|difference > 5 percentage points
ONGC|2015-03|ROCE|computed=12.8985|source=19.7100|category=version difference|difference > 5 percentage points
ONGC|2016-03|ROCE|computed=9.7890|source=19.7100|category=version difference|difference > 5 percentage points
ONGC|2016-03|ROE|computed=6.6234|source=14.3200|category=version difference|difference > 5 percentage points
ONGC|2018-03|ROCE|computed=14.2342|source=19.7100|category=version difference|difference > 5 percentage points
ONGC|2020-03|ROCE|computed=7.9058|source=19.7100|category=version difference|difference > 5 percentage points
ONGC|2020-03|ROE|computed=5.5855|source=14.3200|category=version difference|difference > 5 percentage points
ONGC|2021-03|ROCE|computed=9.9402|source=19.7100|category=version difference|difference > 5 percentage points
ONGC|2023-03|ROCE|computed=12.0453|source=19.7100|category=version difference|difference > 5 percentage points
PFC|2017-03|ROE|computed=6.0687|source=19.4900|category=version difference|difference > 5 percentage points
PFC|2019-03|ROE|computed=26.8246|source=19.4900|category=version difference|difference > 5 percentage points
PFC|2021-03|ROE|computed=25.8627|source=19.4900|category=version difference|difference > 5 percentage points
PFC|2022-03|ROE|computed=26.1845|source=19.4900|category=version difference|difference > 5 percentage points
PFC|2023-03|ROE|computed=25.1658|source=19.4900|category=version difference|difference > 5 percentage points
PFC|2024-03|ROE|computed=26.1609|source=19.4900|category=version difference|difference > 5 percentage points
PIDILITIND|2016-03|ROCE|computed=42.4577|source=29.7000|category=version difference|difference > 5 percentage points
PIDILITIND|2016-03|ROE|computed=30.5914|source=22.8000|category=version difference|difference > 5 percentage points
PIDILITIND|2017-03|ROCE|computed=35.3600|source=29.7000|category=version difference|difference > 5 percentage points
PIDILITIND|2018-03|ROCE|computed=37.1722|source=29.7000|category=version difference|difference > 5 percentage points
PIDILITIND|2022-03|ROCE|computed=24.2815|source=29.7000|category=version difference|difference > 5 percentage points
PIDILITIND|2023-03|ROCE|computed=23.2934|source=29.7000|category=version difference|difference > 5 percentage points
PNB|2013-03|ROCE|computed=472.9660|source=1.6300|category=version difference|difference > 5 percentage points
PNB|2013-03|ROE|computed=812.2977|source=8.7000|category=version difference|difference > 5 percentage points
PNB|2014-03|ROCE|computed=300.5705|source=1.6300|category=version difference|difference > 5 percentage points
PNB|2014-03|ROE|computed=393.3619|source=8.7000|category=version difference|difference > 5 percentage points
PNB|2015-03|ROCE|computed=197.8959|source=1.6300|category=version difference|difference > 5 percentage points
PNB|2015-03|ROE|computed=223.2426|source=8.7000|category=version difference|difference > 5 percentage points
PNB|2016-03|ROCE|computed=103.1179|source=1.6300|category=version difference|difference > 5 percentage points
PNB|2016-03|ROE|computed=-163.5601|source=8.7000|category=version difference|difference > 5 percentage points
PNB|2017-03|ROCE|computed=83.4133|source=1.6300|category=version difference|difference > 5 percentage points
PNB|2017-03|ROE|computed=22.2123|source=8.7000|category=version difference|difference > 5 percentage points
PNB|2018-03|ROCE|computed=22.6709|source=1.6300|category=version difference|difference > 5 percentage points
PNB|2018-03|ROE|computed=-184.3660|source=8.7000|category=version difference|difference > 5 percentage points
PNB|2019-03|ROCE|computed=24.3221|source=1.6300|category=version difference|difference > 5 percentage points
PNB|2019-03|ROE|computed=-128.4465|source=8.7000|category=version difference|difference > 5 percentage points
PNB|2020-03|ROCE|computed=49.9769|source=1.6300|category=version difference|difference > 5 percentage points
PNB|2021-03|ROCE|computed=80.7635|source=1.6300|category=version difference|difference > 5 percentage points
PNB|2021-03|ROE|computed=30.3936|source=8.7000|category=version difference|difference > 5 percentage points
PNB|2022-03|ROCE|computed=82.2934|source=1.6300|category=version difference|difference > 5 percentage points
PNB|2022-03|ROE|computed=39.8735|source=8.7000|category=version difference|difference > 5 percentage points
PNB|2023-03|ROCE|computed=88.2213|source=1.6300|category=version difference|difference > 5 percentage points
PNB|2023-03|ROE|computed=30.6674|source=8.7000|category=version difference|difference > 5 percentage points
PNB|2024-03|ROCE|computed=118.2187|source=1.6300|category=version difference|difference > 5 percentage points
PNB|2024-03|ROE|computed=61.3206|source=8.7000|category=version difference|difference > 5 percentage points
POWERGRID|2014-03|ROCE|computed=8.0837|source=13.2000|category=version difference|difference > 5 percentage points
POWERGRID|2014-03|ROE|computed=13.1074|source=19.0000|category=version difference|difference > 5 percentage points
POWERGRID|2015-03|ROCE|computed=7.7850|source=13.2000|category=version difference|difference > 5 percentage points
POWERGRID|2015-03|ROE|computed=13.1273|source=19.0000|category=version difference|difference > 5 percentage points
POWERGRID|2016-03|ROE|computed=13.5524|source=19.0000|category=version difference|difference > 5 percentage points
RECLTD|2018-03|ROE|computed=13.6584|source=22.2000|category=version difference|difference > 5 percentage points
RECLTD|2019-03|ROE|computed=16.6184|source=22.2000|category=version difference|difference > 5 percentage points
RECLTD|2020-03|ROE|computed=14.0464|source=22.2000|category=version difference|difference > 5 percentage points
SBILIFE|2013-03|ROCE|computed=25.3655|source=13.2000|category=version difference|difference > 5 percentage points
SBILIFE|2013-03|ROE|computed=23.0263|source=12.0000|category=version difference|difference > 5 percentage points
SBILIFE|2014-03|ROCE|computed=24.4636|source=13.2000|category=version difference|difference > 5 percentage points
SBILIFE|2014-03|ROE|computed=21.6925|source=12.0000|category=version difference|difference > 5 percentage points
SBILIFE|2015-03|ROCE|computed=23.2495|source=13.2000|category=version difference|difference > 5 percentage points
SBILIFE|2015-03|ROE|computed=20.0937|source=12.0000|category=version difference|difference > 5 percentage points
SBILIFE|2016-03|ROCE|computed=21.3818|source=13.2000|category=version difference|difference > 5 percentage points
SBILIFE|2016-03|ROE|computed=17.8322|source=12.0000|category=version difference|difference > 5 percentage points
SBILIFE|2017-03|ROCE|computed=20.8754|source=13.2000|category=version difference|difference > 5 percentage points
SBILIFE|2017-03|ROE|computed=17.2010|source=12.0000|category=version difference|difference > 5 percentage points
SBILIFE|2018-03|ROCE|computed=21.8750|source=13.2000|category=version difference|difference > 5 percentage points
SBILIFE|2018-03|ROE|computed=17.6164|source=12.0000|category=version difference|difference > 5 percentage points
SBILIFE|2019-03|ROCE|computed=21.7793|source=13.2000|category=version difference|difference > 5 percentage points
SBILIFE|2019-03|ROE|computed=17.5158|source=12.0000|category=version difference|difference > 5 percentage points
SBILIFE|2020-03|ROCE|computed=20.4735|source=13.2000|category=version difference|difference > 5 percentage points
SHREECEM|2013-06|ROCE|computed=25.5651|source=14.8000|category=version difference|difference > 5 percentage points
SHREECEM|2013-06|ROE|computed=26.1186|source=12.2000|category=version difference|difference > 5 percentage points
SHREECEM|2015-06|ROCE|computed=8.4289|source=14.8000|category=version difference|difference > 5 percentage points
SHREECEM|2017-03|ROE|computed=17.3941|source=12.2000|category=version difference|difference > 5 percentage points
SHREECEM|2023-03|ROCE|computed=8.2300|source=14.8000|category=version difference|difference > 5 percentage points
SHRIRAMFIN|2022-03|ROE|computed=10.4273|source=15.9000|category=version difference|difference > 5 percentage points
SIEMENS|2011-09|ROCE|computed=34.4864|source=25.6000|category=version difference|difference > 5 percentage points
SIEMENS|2014-09|ROCE|computed=20.0000|source=25.6000|category=version difference|difference > 5 percentage points
SIEMENS|2014-09|ROE|computed=13.7829|source=19.1000|category=version difference|difference > 5 percentage points
SIEMENS|2015-09|ROCE|computed=33.4111|source=25.6000|category=version difference|difference > 5 percentage points
SIEMENS|2016-09|ROCE|computed=57.8354|source=25.6000|category=version difference|difference > 5 percentage points
SIEMENS|2016-09|ROE|computed=42.8340|source=19.1000|category=version difference|difference > 5 percentage points
SIEMENS|2018-09|ROCE|computed=16.9900|source=25.6000|category=version difference|difference > 5 percentage points
SIEMENS|2018-09|ROE|computed=10.8567|source=19.1000|category=version difference|difference > 5 percentage points
SIEMENS|2019-09|ROCE|computed=18.6761|source=25.6000|category=version difference|difference > 5 percentage points
SIEMENS|2019-09|ROE|computed=12.1450|source=19.1000|category=version difference|difference > 5 percentage points
SIEMENS|2020-09|ROCE|computed=11.2305|source=25.6000|category=version difference|difference > 5 percentage points
SIEMENS|2020-09|ROE|computed=8.1016|source=19.1000|category=version difference|difference > 5 percentage points
SIEMENS|2021-09|ROCE|computed=14.2595|source=25.6000|category=version difference|difference > 5 percentage points
SIEMENS|2021-09|ROE|computed=10.5248|source=19.1000|category=version difference|difference > 5 percentage points
SIEMENS|2022-09|ROCE|computed=17.2066|source=25.6000|category=version difference|difference > 5 percentage points
SIEMENS|2022-09|ROE|computed=13.2903|source=19.1000|category=version difference|difference > 5 percentage points
SIEMENS|2023-09|ROCE|computed=20.0799|source=25.6000|category=version difference|difference > 5 percentage points
SUNPHARMA|2013-03|ROCE|computed=28.5770|source=17.3000|category=version difference|difference > 5 percentage points
SUNPHARMA|2013-03|ROE|computed=23.1421|source=16.7000|category=version difference|difference > 5 percentage points
SUNPHARMA|2018-03|ROCE|computed=8.2076|source=17.3000|category=version difference|difference > 5 percentage points
SUNPHARMA|2018-03|ROE|computed=6.6347|source=16.7000|category=version difference|difference > 5 percentage points
SUNPHARMA|2019-03|ROCE|computed=8.4067|source=17.3000|category=version difference|difference > 5 percentage points
SUNPHARMA|2019-03|ROE|computed=7.7471|source=16.7000|category=version difference|difference > 5 percentage points
SUNPHARMA|2020-03|ROCE|computed=9.9160|source=17.3000|category=version difference|difference > 5 percentage points
SUNPHARMA|2020-03|ROE|computed=9.2168|source=16.7000|category=version difference|difference > 5 percentage points
SUNPHARMA|2021-03|ROCE|computed=5.8412|source=17.3000|category=version difference|difference > 5 percentage points
SUNPHARMA|2021-03|ROE|computed=4.8899|source=16.7000|category=version difference|difference > 5 percentage points
SUNPHARMA|2022-03|ROCE|computed=9.3467|source=17.3000|category=version difference|difference > 5 percentage points
SUNPHARMA|2022-03|ROE|computed=7.0588|source=16.7000|category=version difference|difference > 5 percentage points
SUNPHARMA|2024-03|OPM cross-check|formula=26.8429|source=28.0000|category=data source issue|difference > 1%
TATACONSUM|2016-03|ROCE|computed=3.7758|source=10.6000|category=version difference|difference > 5 percentage points
TATACONSUM|2016-03|ROE|computed=-0.5923|source=8.3200|category=version difference|difference > 5 percentage points
TATAMOTORS|2013-03|ROE|computed=26.5058|source=49.4000|category=version difference|difference > 5 percentage points
TATAMOTORS|2014-03|ROE|computed=21.4164|source=49.4000|category=version difference|difference > 5 percentage points
TATAMOTORS|2015-03|ROE|computed=25.0133|source=49.4000|category=version difference|difference > 5 percentage points
TATAMOTORS|2016-03|ROCE|computed=12.8209|source=20.1000|category=version difference|difference > 5 percentage points
TATAMOTORS|2016-03|ROE|computed=14.7913|source=49.4000|category=version difference|difference > 5 percentage points
TATAMOTORS|2017-03|ROCE|computed=9.9169|source=20.1000|category=version difference|difference > 5 percentage points
TATAMOTORS|2017-03|ROE|computed=13.0154|source=49.4000|category=version difference|difference > 5 percentage points
TATAMOTORS|2018-03|ROCE|computed=8.5894|source=20.1000|category=version difference|difference > 5 percentage points
TATAMOTORS|2018-03|ROE|computed=9.5266|source=49.4000|category=version difference|difference > 5 percentage points
TATAMOTORS|2019-03|ROCE|computed=-15.3961|source=20.1000|category=version difference|difference > 5 percentage points
TATAMOTORS|2019-03|ROE|computed=-47.7309|source=49.4000|category=version difference|difference > 5 percentage points
TATAMOTORS|2020-03|ROCE|computed=-1.7763|source=20.1000|category=version difference|difference > 5 percentage points
TATAMOTORS|2020-03|ROE|computed=-18.9841|source=49.4000|category=version difference|difference > 5 percentage points
TATAMOTORS|2021-03|ROCE|computed=-1.2043|source=20.1000|category=version difference|difference > 5 percentage points
TATAMOTORS|2021-03|ROE|computed=-24.2457|source=49.4000|category=version difference|difference > 5 percentage points
TATAMOTORS|2022-03|ROCE|computed=1.2088|source=20.1000|category=version difference|difference > 5 percentage points
TATAMOTORS|2022-03|ROE|computed=-25.3787|source=49.4000|category=version difference|difference > 5 percentage points
TATAMOTORS|2023-03|ROCE|computed=7.5899|source=20.1000|category=version difference|difference > 5 percentage points
TATAMOTORS|2023-03|ROE|computed=5.9353|source=49.4000|category=version difference|difference > 5 percentage points
TATAMOTORS|2024-03|ROE|computed=37.4561|source=49.4000|category=version difference|difference > 5 percentage points
TATAPOWER|2013-03|ROE|computed=0.9972|source=11.3000|category=version difference|difference > 5 percentage points
TATAPOWER|2014-03|ROE|computed=0.0968|source=11.3000|category=version difference|difference > 5 percentage points
TATAPOWER|2015-03|ROE|computed=3.1918|source=11.3000|category=version difference|difference > 5 percentage points
TATASTEEL|2013-03|ROCE|computed=-0.1607|source=7.0200|category=version difference|difference > 5 percentage points
TATASTEEL|2013-03|ROE|computed=-21.2806|source=6.5500|category=version difference|difference > 5 percentage points
TATASTEEL|2015-03|ROE|computed=-12.5650|source=6.5500|category=version difference|difference > 5 percentage points
TATASTEEL|2016-03|ROE|computed=-1.1365|source=6.5500|category=version difference|difference > 5 percentage points
TATASTEEL|2017-03|ROE|computed=-11.0236|source=6.5500|category=version difference|difference > 5 percentage points
TATASTEEL|2018-03|ROCE|computed=17.3770|source=7.0200|category=version difference|difference > 5 percentage points
TATASTEEL|2018-03|ROE|computed=29.1485|source=6.5500|category=version difference|difference > 5 percentage points
TATASTEEL|2019-03|ROCE|computed=13.8452|source=7.0200|category=version difference|difference > 5 percentage points
TATASTEEL|2019-03|ROE|computed=13.2347|source=6.5500|category=version difference|difference > 5 percentage points
TATASTEEL|2021-03|ROCE|computed=13.1811|source=7.0200|category=version difference|difference > 5 percentage points
TATASTEEL|2022-03|ROCE|computed=29.3094|source=7.0200|category=version difference|difference > 5 percentage points
TATASTEEL|2022-03|ROE|computed=36.4802|source=6.5500|category=version difference|difference > 5 percentage points
TATASTEEL|2023-03|ROCE|computed=13.0517|source=7.0200|category=version difference|difference > 5 percentage points
TATASTEEL|2024-03|ROE|computed=-5.3349|source=6.5500|category=version difference|difference > 5 percentage points
TCS|2013-03|ROCE|computed=46.6536|source=64.3000|category=version difference|difference > 5 percentage points
TCS|2013-03|ROE|computed=36.5174|source=0.5200|category=data source issue|difference > 5 percentage points
TCS|2014-03|ROCE|computed=51.4043|source=64.3000|category=version difference|difference > 5 percentage points
TCS|2014-03|ROE|computed=39.2967|source=0.5200|category=data source issue|difference > 5 percentage points
TCS|2015-03|ROCE|computed=51.7757|source=64.3000|category=version difference|difference > 5 percentage points
TCS|2015-03|ROE|computed=39.6169|source=0.5200|category=data source issue|difference > 5 percentage points
TCS|2016-03|ROCE|computed=44.6920|source=64.3000|category=version difference|difference > 5 percentage points
TCS|2016-03|ROE|computed=34.2441|source=0.5200|category=data source issue|difference > 5 percentage points
TCS|2017-03|ROCE|computed=39.9350|source=64.3000|category=version difference|difference > 5 percentage points
TCS|2017-03|ROE|computed=30.5716|source=0.5200|category=data source issue|difference > 5 percentage points
TCS|2018-03|ROCE|computed=39.9930|source=64.3000|category=version difference|difference > 5 percentage points
TCS|2018-03|ROE|computed=30.4013|source=0.5200|category=data source issue|difference > 5 percentage points
TCS|2019-03|ROCE|computed=46.6562|source=64.3000|category=version difference|difference > 5 percentage points
TCS|2019-03|ROE|computed=35.2861|source=0.5200|category=data source issue|difference > 5 percentage points
TCS|2020-03|ROCE|computed=46.7736|source=64.3000|category=version difference|difference > 5 percentage points
TCS|2020-03|ROE|computed=38.5695|source=0.5200|category=data source issue|difference > 5 percentage points
TCS|2021-03|ROCE|computed=47.1166|source=64.3000|category=version difference|difference > 5 percentage points
TCS|2021-03|ROE|computed=37.6731|source=0.5200|category=data source issue|difference > 5 percentage points
TCS|2022-03|ROCE|computed=54.1178|source=64.3000|category=version difference|difference > 5 percentage points
TCS|2022-03|ROE|computed=43.1338|source=0.5200|category=data source issue|difference > 5 percentage points
TCS|2023-03|ROCE|computed=58.7961|source=64.3000|category=version difference|difference > 5 percentage points
TCS|2023-03|ROE|computed=46.7829|source=0.5200|category=data source issue|difference > 5 percentage points
TCS|2024-03|ROE|computed=50.9443|source=0.5200|category=data source issue|difference > 5 percentage points
TECHM|2013-03|ROE|computed=24.0877|source=8.6300|category=version difference|difference > 5 percentage points
TECHM|2014-03|ROCE|computed=40.8067|source=11.9000|category=version difference|difference > 5 percentage points
TECHM|2014-03|ROE|computed=33.3479|source=8.6300|category=version difference|difference > 5 percentage points
TECHM|2015-03|ROCE|computed=28.4754|source=11.9000|category=version difference|difference > 5 percentage points
TECHM|2015-03|ROE|computed=21.7097|source=8.6300|category=version difference|difference > 5 percentage points
TECHM|2016-03|ROCE|computed=25.2136|source=11.9000|category=version difference|difference > 5 percentage points
TECHM|2016-03|ROE|computed=20.7457|source=8.6300|category=version difference|difference > 5 percentage points
TECHM|2017-03|ROCE|computed=22.3670|source=11.9000|category=version difference|difference > 5 percentage points
TECHM|2017-03|ROE|computed=17.3450|source=8.6300|category=version difference|difference > 5 percentage points
TECHM|2018-03|ROCE|computed=23.7335|source=11.9000|category=version difference|difference > 5 percentage points
TECHM|2018-03|ROE|computed=20.0923|source=8.6300|category=version difference|difference > 5 percentage points
TECHM|2019-03|ROCE|computed=25.4746|source=11.9000|category=version difference|difference > 5 percentage points
TECHM|2019-03|ROE|computed=21.1437|source=8.6300|category=version difference|difference > 5 percentage points
TECHM|2020-03|ROCE|computed=20.6020|source=11.9000|category=version difference|difference > 5 percentage points
TECHM|2020-03|ROE|computed=17.8655|source=8.6300|category=version difference|difference > 5 percentage points
TECHM|2021-03|ROCE|computed=22.0666|source=11.9000|category=version difference|difference > 5 percentage points
TECHM|2021-03|ROE|computed=17.5065|source=8.6300|category=version difference|difference > 5 percentage points
TECHM|2022-03|ROCE|computed=25.8101|source=11.9000|category=version difference|difference > 5 percentage points
TECHM|2022-03|ROE|computed=20.9403|source=8.6300|category=version difference|difference > 5 percentage points
TECHM|2023-03|ROCE|computed=22.0845|source=11.9000|category=version difference|difference > 5 percentage points
TECHM|2023-03|ROE|computed=17.3936|source=8.6300|category=version difference|difference > 5 percentage points
TITAN|2013-03|ROCE|computed=53.6548|source=22.7000|category=version difference|difference > 5 percentage points
TITAN|2014-03|ROCE|computed=32.9429|source=22.7000|category=version difference|difference > 5 percentage points
TITAN|2015-03|ROCE|computed=35.4899|source=22.7000|category=version difference|difference > 5 percentage points
TITAN|2015-03|ROE|computed=26.4591|source=32.9000|category=version difference|difference > 5 percentage points
TITAN|2016-03|ROE|computed=19.2472|source=32.9000|category=version difference|difference > 5 percentage points
TITAN|2017-03|ROCE|computed=16.5331|source=22.7000|category=version difference|difference > 5 percentage points
TITAN|2017-03|ROE|computed=16.4659|source=32.9000|category=version difference|difference > 5 percentage points
TITAN|2018-03|ROE|computed=21.6503|source=32.9000|category=version difference|difference > 5 percentage points
TITAN|2019-03|ROE|computed=22.8830|source=32.9000|category=version difference|difference > 5 percentage points
TITAN|2020-03|ROE|computed=22.3872|source=32.9000|category=version difference|difference > 5 percentage points
TITAN|2021-03|ROCE|computed=11.6483|source=22.7000|category=version difference|difference > 5 percentage points
TITAN|2021-03|ROE|computed=12.9919|source=32.9000|category=version difference|difference > 5 percentage points
TITAN|2022-03|ROE|computed=23.6268|source=32.9000|category=version difference|difference > 5 percentage points
TITAN|2023-03|ROE|computed=27.6264|source=32.9000|category=version difference|difference > 5 percentage points
TORNTPHARM|2013-03|ROCE|computed=29.1253|source=23.2000|category=version difference|difference > 5 percentage points
TORNTPHARM|2013-03|ROE|computed=30.5907|source=24.2000|category=version difference|difference > 5 percentage points
TORNTPHARM|2014-03|ROCE|computed=29.7529|source=23.2000|category=version difference|difference > 5 percentage points
TORNTPHARM|2014-03|ROE|computed=34.8923|source=24.2000|category=version difference|difference > 5 percentage points
TORNTPHARM|2015-03|ROE|computed=30.1485|source=24.2000|category=version difference|difference > 5 percentage points
TORNTPHARM|2016-03|ROCE|computed=43.2261|source=23.2000|category=version difference|difference > 5 percentage points
TORNTPHARM|2016-03|ROE|computed=49.5993|source=24.2000|category=version difference|difference > 5 percentage points
TORNTPHARM|2018-03|ROCE|computed=11.1773|source=23.2000|category=version difference|difference > 5 percentage points
TORNTPHARM|2018-03|ROE|computed=14.6658|source=24.2000|category=version difference|difference > 5 percentage points
TORNTPHARM|2019-03|ROCE|computed=9.9043|source=23.2000|category=version difference|difference > 5 percentage points
TORNTPHARM|2019-03|ROE|computed=9.2275|source=24.2000|category=version difference|difference > 5 percentage points
TORNTPHARM|2020-03|ROCE|computed=15.4412|source=23.2000|category=version difference|difference > 5 percentage points
TORNTPHARM|2021-03|ROCE|computed=17.5411|source=23.2000|category=version difference|difference > 5 percentage points
TORNTPHARM|2022-03|ROCE|computed=14.7760|source=23.2000|category=version difference|difference > 5 percentage points
TORNTPHARM|2022-03|ROE|computed=13.0522|source=24.2000|category=version difference|difference > 5 percentage points
TRENT|2013-03|ROCE|computed=1.2071|source=23.8000|category=version difference|difference > 5 percentage points
TRENT|2013-03|ROE|computed=-2.1933|source=27.2000|category=version difference|difference > 5 percentage points
TRENT|2014-03|ROCE|computed=2.0408|source=23.8000|category=version difference|difference > 5 percentage points
TRENT|2014-03|ROE|computed=-1.9173|source=27.2000|category=version difference|difference > 5 percentage points
TRENT|2015-03|ROCE|computed=13.1439|source=23.8000|category=version difference|difference > 5 percentage points
TRENT|2015-03|ROE|computed=9.0717|source=27.2000|category=version difference|difference > 5 percentage points
TRENT|2016-03|ROCE|computed=7.4034|source=23.8000|category=version difference|difference > 5 percentage points
TRENT|2016-03|ROE|computed=3.7568|source=27.2000|category=version difference|difference > 5 percentage points
TRENT|2017-03|ROCE|computed=8.9737|source=23.8000|category=version difference|difference > 5 percentage points
TRENT|2017-03|ROE|computed=5.4945|source=27.2000|category=version difference|difference > 5 percentage points
TRENT|2018-03|ROCE|computed=9.6173|source=23.8000|category=version difference|difference > 5 percentage points
TRENT|2018-03|ROE|computed=5.4545|source=27.2000|category=version difference|difference > 5 percentage points
TRENT|2019-03|ROCE|computed=10.0935|source=23.8000|category=version difference|difference > 5 percentage points
TRENT|2019-03|ROE|computed=5.7716|source=27.2000|category=version difference|difference > 5 percentage points
TRENT|2020-03|ROCE|computed=15.9226|source=23.8000|category=version difference|difference > 5 percentage points
TRENT|2020-03|ROE|computed=4.4389|source=27.2000|category=version difference|difference > 5 percentage points
TRENT|2021-03|ROCE|computed=2.1431|source=23.8000|category=version difference|difference > 5 percentage points
TRENT|2021-03|ROE|computed=-7.8253|source=27.2000|category=version difference|difference > 5 percentage points
TRENT|2022-03|ROCE|computed=6.1504|source=23.8000|category=version difference|difference > 5 percentage points
TRENT|2022-03|ROE|computed=1.4805|source=27.2000|category=version difference|difference > 5 percentage points
TRENT|2023-03|ROCE|computed=13.6119|source=23.8000|category=version difference|difference > 5 percentage points
TRENT|2023-03|ROE|computed=15.1772|source=27.2000|category=version difference|difference > 5 percentage points
TRENT|2024-03|ROCE|computed=39.3231|source=23.8000|category=version difference|difference > 5 percentage points
TRENT|2024-03|ROE|computed=36.3078|source=27.2000|category=version difference|difference > 5 percentage points
================================================================================
Total ratio rows: 1164
Each anomaly includes a category and explanation basis.